"","Adrenal_gland","Brain","Colon","Fat","Heart","Intestine","Kidney","Liver","Lung","Muscle","Oesophagus","Ovary","Pancreas","Prostate","Spleen","Stomach","Tetis","Urinary_bladder"
"Q9Y4L1_VFGSQNLTTVK_6_01Y41Y41M(31M21M21M)61M(31M21M)61M21M",429196883.498414,-225541795.470669,105443187.498414,624690333.564456,438043441.233256,2823916904.52933,-167617719.470669,2598260339.49841,278648232.529331,474657994.061256,57643435.4984136,188872963.498414,1063113587.49841,35333275.4984136,589939665.025256,1276854131.49841,540218977.233256,-11009564.5015864
"Q8TCJ2_TTLVDNNTWNNSHIALVGK_6_01Y41Y41M(31M21M21M31G31G)61M(31M)61M",1396409346.01243,383598590.64827,364813090.012426,571520190.460609,508917838.420609,1226612190.87227,45201686.8722703,1732676994.01243,47572030.8722704,326920652.386609,158272306.012426,-48158221.9875744,1360305154.01243,119549643.920426,289272414.420609,471204034.012426,603437070.420609,65298514.0124256
"P23229_ANHSGAVVLLK_2_01Y41Y41M(31M)61M(31M21M)61M",56339668.1616318,375750862.420881,278844120.465632,600139686.716647,85656616.9726474,1007088846.97288,127851086.972881,54224330.1616318,-123419793.027119,165797453.828647,156712057.161632,89781045.1616318,72872525.1616318,72662803.1616318,290915628.972647,767846001.161632,395993532.972647,175789593.161632
"P01859_EEQFNSTFR_5_01Y41Y41M(31M41Y31F)61M61Y",108208582.089369,-2217495.93184662,989906822.089369,1119254690.74097,736622606.740966,3893304319.49082,1953718352.41415,5965790273.36217,1229826572.48815,997124738.740966,387437958.089369,2289092742.08937,3604808533.16877,2334498694.08937,911958338.740966,1734934031.1067,4257307554.74097,2472882310.08937
"P43308_IAPASNVSHTVVLRPLK_6_01Y41Y41M(31M21M21M)61M(31M21M)61M",1438919526.0528,-138146252.843406,66395574.052804,519016699.907771,845152783.907771,771137447.156594,3126463655.15659,2497325158.0528,450103975.156594,670915807.907771,99149926.0528041,442463718.052804,1386044774.0528,726261094.052804,833264783.907771,4207683942.0528,1728143023.90777,450652582.052804
"Q8TCJ2_TTLVDNNTWNNSHIALVGK_10_01Y41Y41M(31M21M21M31G)61M(31M21M)61M",1407075731.3928,123329559.080692,375479475.392802,497937035.107088,461435908.179088,1263063249.77669,81652745.7766923,1743343379.3928,84023089.7766923,288707812.179088,257902003.392802,75962323.3928022,1044857747.3928,127158355.392802,482030340.179088,481870419.392802,1011912900.17909,75964899.3928022
"P46977_TILVDNNTWNNTHISR_10_01Y41Y41M(31M21M21M31G)61M(31M)61M",837788942.140688,802334952.706424,118835046.140688,366694433.922961,375888633.922961,2597517933.12242,-160700882.877576,159932318.140688,-393328130.877576,385624217.922961,19168192.1406881,542255886.140688,2097352462.14069,76883062.140688,378417621.922961,699858894.140688,505862593.922961,106096806.140688
"P46977_TILVDNNTWNNTHISR_6_01Y41Y41M(31M21M21M31G)61M(31M21M)61M",3305152400.61385,-139654239.453845,265478160.613846,1090451736.54659,938311696.546591,6458316512.33016,530806176.330155,5088845968.61385,510032096.330155,1145014456.54659,343823120.613846,1963348368.61385,6086527120.61385,858379152.613846,1677132344.54659,1383803024.61385,2109894904.54659,-88223055.3861542
"P11047_NISQDLEK_1_01Y41Y41M(31M41Y(31F)41L)61M61Y41L",26401372.3570794,502019744.663742,381576796.357079,510611873.683457,413677601.683457,207278749.383742,295422614.941742,1301307284.96748,27765353.3837417,181278321.683457,17249996.3570794,467819432.385079,39678552.3570794,485421916.35708,386732914.291457,81178620.3570794,611854812.131838,140370153.179079
"P43308_IAPASNVSHTVVLRPLK_6_01Y41Y41M(31M21M21M31G)61M(31M)61M",1434165061.43711,-142430947.678784,90815605.4371108,525835820.737716,851971904.737716,766852752.321216,3122178960.32122,2492570693.43711,445819280.321216,677734928.737716,94395461.4371109,437709253.437111,1381290309.43711,721506629.437111,840083904.737716,4202929477.43711,1521020704.73772,445898117.437111
"Q9UH99_ALSPNSTISSAPK_5_01Y41Y41M(31M21M)61M(31M21M)61M21M",145538486.387404,3223626336.58335,295802192.363403,1293631443.42169,206199973.322487,-386586029.080645,-255576836.389312,115735372.387404,-421611655.080645,205295856.322487,115672546.387404,298288290.387403,301767413.619403,216978322.387404,305988429.322487,280398923.980736,217667799.322487,165035656.211404
"P14625_HNNDTQHIWESDSNEFSVIADPR_3_01Y41Y41M(31M21M)61M(31M)61M",127363104.820422,2513218289.03498,323399883.260422,1159936076.52147,182869074.532137,-289723504.24502,-163349079.629153,188136748.820422,-224673384.671686,146191854.73147,220433708.820422,167118828.820422,376289428.820422,118192580.820422,122005771.62547,122765278.820422,987091323.62547,146596700.820422
"Q9Y4L1_VFGSQNLTTVK_6_01Y41Y41M(31M21M)61M(31M)61M",411426512.018078,-63887099.9146668,239712934.136478,525110353.768401,114336648.252515,964897400.085333,31464408.0853332,45301543.3204781,7328872.0853332,177886506.441601,50147515.3204781,36307519.3204781,31226393.3204781,157831947.562764,256146455.355601,585297851.320478,149190879.251601,63069219.3204781
"P11047_LLNNLTSIK_4_01Y41Y41M(31M21M)61M(31M)61M",129831030.308355,681611911.070632,158756622.308355,937536907.002446,73148595.7496458,224160308.374632,-18102515.6253682,175427338.647688,-32281859.6253682,131031763.002446,165747102.308355,105226222.308355,54714202.3083553,386863646.308355,214379286.978446,490822206.308355,142539571.002446,100313430.308355
"O94901_TLSPTGNISSAPK_7_01Y41Y41M(31M)61M(31M21M)61M",15925701.6660641,43543106.2011626,226964070.154064,76553667.0974993,130506907.097499,112786982.201163,28722643.2011627,32415123.6660641,324377998.201163,157641567.603499,109256919.666064,912154943.666064,-6217722.33393589,531626751.666064,512408275.097499,156593791.666064,560248531.097499,57653575.6660641
"Q9Y4L1_VFGSQNLTTVK_6_01Y41Y41M(31M21M21M31G31G)61M(31M)61M",515578136.89078,-324226789.519247,209676875.93078,552091606.927041,406187255.903041,2963063890.48075,269458386.480753,512754968.89078,-79714317.5192467,394692022.029041,60354712.8907798,239402184.89078,1363123128.89078,121714528.89078,353943791.903041,756712952.89078,387562559.903041,75371688.8907799
"Q9UH99_ALSPNSTISSAPK_5_01Y41Y41M(31M21M21M)61M(31M21M)61M",136123357.558734,2667948564.48187,257506049.670734,1249295545.48167,153911737.526474,-297393579.094134,-164573188.237467,106320243.558734,-332419205.094134,153007620.526474,106257417.558734,288873161.558734,295677515.690734,207563193.558734,253700193.526474,289686784.850734,336668497.526474,156512396.212734
"P11047_LLNNLTSIK_4_01Y41Y41M(31M)61M(31M)61M",135763685.708896,2476413362.45297,268115173.708896,1729028759.65456,200208559.65456,-257631512.739027,-136614179.871027,365275092.622896,-263301892.739027,132263783.654561,154644409.708896,324926297.888896,197613453.708896,196552189.708896,215692187.25456,138254001.708896,415926532.73456,158438699.438896
"Q8TCJ2_TTLVDNNTWNNSHIALVGK_10_01Y41Y41M(31M21M21M)61M(31M21M)61M21M",958145740.866177,47155605.2158392,385197356.866177,507882014.765234,480887568.093234,1095002666.51184,34027490.5118393,1977610252.86618,806391210.511839,308159472.093234,267619884.866177,85680204.866177,1380689420.86618,136876236.866177,501482000.093234,491588300.866177,1031364560.09323,116413884.866177
"P02751_RHEEGHMLNCTCFGQGR_9_01Y41Y41M(31M)61M(21Y41L32S)61Y41L32S",960391335.079924,1566495431.09476,457025447.079924,406224556.39436,587748860.63396,-24007272.1772429,513060372.568757,1679467276.35232,510077064.486757,465627948.39436,39567319.0799235,-61570128.9200764,3640840551.41047,651226855.079924,1246944956.39436,1155421533.70192,397708480.39436,275144455.079924
"Q13510_TVLENSTSYEEAK_5_01Y41Y41M(31M)61M(31M)61M",6352463756.87816,618266459.355548,127856892.838155,1301098516.71278,483375216.712783,762423853.203548,11572445.2035481,306455788.878155,368579341.203548,597925409.086783,-91130699.1218446,588002572.878155,-143119535.121845,-36757299.1218445,688447732.712783,781969284.587355,513470108.712783,-54157370.1858445
"P46977_TILVDNNTWNNTHISR_10_01Y41Y41M(31M21M)61M(31M21M)61M21M",964629702.361896,821253424.470655,162564062.361896,313016769.554724,291786273.554724,2575664804.73465,-182554011.265345,273335590.361896,-415181259.265345,330525393.070724,110810022.361896,652384646.361896,273625558.361896,286177622.361896,362864985.554724,743587910.361896,452184929.554724,97498214.3618958
"Q9Y5Q0_MPRHNYSR_5_01Y41Y41M(31M21M)61M(31M)61M",69033537.1833948,1669240827.28545,460673297.538595,1965645823.41384,246559492.831444,576782108.71745,763704.021450639,2559997065.64139,174216886.021451,182058290.771844,624612625.183395,1398406737.18339,445779594.013395,327677809.183395,759521087.413844,697203153.183395,2551240959.41384,50286061.1833948
"P43308_IAPASNVSHTVVLRPLK_6_01Y41Y41M(31M21M)61M(31M21M)61M21M",1598062070.66807,-392010259.942676,225538118.66807,1056157766.68099,424652674.680988,2148106873.51332,2823799161.51332,2656467702.66807,312798841.513324,563117494.680988,334287382.66807,601368566.66807,505571926.66807,926306358.66807,504289334.680988,1186892534.66807,1620344710.68099,596927670.66807
"P55083_FNGSVSFFR_2_01Y41Y41M(31M)61M(31M21M)61M",91975816.051555,1472090995.84837,407150646.678755,2113188574.44901,275463667.542612,-90975020.9996344,-140013102.999635,2589825574.82755,2040043967.00037,227291966.335012,663088292.051555,1478082660.05155,107998320.051555,530941540.051555,832423134.449012,735678820.051555,2403524702.44901,210400740.051555
"P23229_ANHSGAVVLLK_2_01Y41Y41M(31M21M)61M(31M)61M",56339668.1616318,375750862.420881,278844120.465632,600139686.716647,85656616.9726474,1007088846.97288,127851086.972881,54224330.1616318,-123419793.027119,165797453.828647,156712057.161632,89781045.1616318,72872525.1616318,72662803.1616318,290915628.972647,767846001.161632,395993532.972647,175789593.161632
"Q9Y4L1_VFGSQNLTTVK_6_01Y41Y41M(31M21M21M)61M(31M21M)61M",356117311.984229,117752633.012452,165656392.240229,556564732.334965,159722815.467765,1311359977.01245,-44954490.987548,1061158495.98423,-7415470.98754799,242019411.617765,29883095.9842291,162146908.960229,545905311.984229,44493727.9842291,255387371.339765,652112159.984229,320401955.467765,71058613.4422291
"P05164_SYNDSVDPR_3_01Y(61F)41Y41M(31M)61M",-622944.436828971,-4615320.04256427,-3072328.43682897,632533707.200236,475126370.968236,1875311680.65744,512812752.726103,51425523.5631711,635639211.709436,415961431.190236,872711.563171148,300142907.563171,3273700306.47439,224052059.563171,2764760002.96824,3234046694.68584,392647490.968236,209552475.563171
"P21810_MIENGSLSFLPTLR_4_01Y41Y41M(31M)61M(21Y(31F)41L32S)61Y41L",37587091.4811463,1204061586.54042,162264819.481146,358536965.249176,484323462.702509,-151094235.86758,1462032656.55095,2713502494.11382,-122208207.86758,469028438.967176,88873763.4811464,1054508883.48115,411160648.560298,486087251.481146,461531925.249176,-90119242.5188535,383135885.249176,1475274451.48115
"P55083_VDLEDFENNTAYAK_8_01Y41Y41M(31M)61M(21Y41L32S)61Y(31F)41L",252963722.588463,1489203796.89846,249986411.396463,822228920.608517,239910593.719184,34691298.1784647,38450186.319798,768921361.424463,-23530333.8215353,170708936.608517,210417370.588463,1146515626.58846,287221137.41073,587523754.588463,201936400.608517,30113270.5884626,954274488.608517,251372426.588463
"P46977_TILVDNNTWNNTHISR_10_01Y41Y41M(31M21M21M31G)61M(31M21M)61M",3331501335.13732,-146769890.485108,235059351.137322,1090308682.90375,938168642.903746,6451200861.29889,523690525.298892,5092653847.13732,502916445.298892,1144871402.90375,347630999.137322,1967156247.13732,6090334999.13732,675782423.137322,1676989290.90375,1387610903.13732,2109751850.90375,-84415176.8626781
"Q9BVK6_FTFTSHTPGEHQICLHSNSTK_18_01Y41Y41M(31M41Y31F)61M61Y",260711736.760868,375138691.174088,215321729.136868,519901607.797726,75462463.9257263,507583297.343088,117038080.958088,237266856.760868,48142112.9580884,135495125.309726,121716400.760868,70623916.7608682,181843343.015135,151560608.760868,122605175.925726,252224618.918201,203373911.925726,115935528.760868
"Q9Y4L1_VFGSQNLTTVK_6_01Y41Y41M(31M21M21M31G)61M(31M21M)61M",485141453.900389,-204237106.807104,92518413.900389,631880845.726946,446039646.699746,2845221593.1929,-146313030.807104,2585335565.90039,67656025.1928957,468625874.427746,44718661.900389,175948189.900389,1050188813.90039,22408501.900389,417533702.699746,1263929357.90039,548215182.699746,-23934338.099611
"Q92626_VNNCSDMCFHQK_2_01Y41Y41M(31M)61M(31M)61M",144147123.867049,1234790529.35482,103274459.867049,614097536.001771,153094300.081771,-86510292.3011839,-83841148.3011839,412199381.295049,-80228308.3011839,139822534.807771,90940291.8670486,236342539.867049,47885832.8670486,208072075.867049,458628958.369771,119053699.867049,153390516.081771,177294143.055049
"Q9UH99_ALSPNSTISSAPK_5_01Y41Y41M(31M21M)61M(31M)61M",15975324.4766893,42979099.4356549,226665404.692689,101075845.84661,130574189.84661,112222975.435655,28158636.4356549,32464746.4766893,323813991.435655,157494906.76861,109306542.476689,912204566.476689,270106.476689309,494724246.476689,512475557.84661,156643414.476689,499799877.84661,57703198.4766893
"P46977_TILVDNNTWNNTHISR_6_01Y41Y41M(31M21M21M)61M(31M21M)61M21M",3278053276.56977,230929650.943602,238379036.56977,939821983.551868,1228177919.55187,3761494498.5276,866567842.527602,5061746844.56977,845793762.527602,994384703.551868,316723996.56977,1936249244.56977,6059427996.56977,644875420.56977,1526502591.55187,1436476572.56977,1959265151.55187,-256802523.430231
"Q9Y4L1_VFGSQNLTTVK_6_01Y41Y41M(31M)61M(31M21M)61M",413129462.499685,-38003546.6976967,248213682.546085,820455379.378519,125410004.647319,990780953.302303,-59839125.6976967,51951040.4900846,33212425.3023033,158351640.710119,56797012.4900846,42957016.4900846,37875890.4900846,217819964.497171,323324719.868119,591947348.490085,124261295.164119,69718716.4900846
"P55083_FNGSVSFFR_2_01Y41Y41M(31M21M)61M(31M)61M",128348645.333015,2198518240.74559,407991773.192215,2037592669.93891,308968844.272513,-194758698.782409,-243796780.782409,2730796230.91102,1936260289.21759,262167701.502913,683927733.333015,1498922101.33302,128837761.333015,386992917.333015,865667805.938913,756518261.333015,2436769373.93891,109601169.333015
"Q9Y4L1_VFGSQNLTTVK_6_01Y41Y41M(31M21M)61M(31M21M)61M21M",441918659.05096,71552999.2022401,214501622.34696,488490643.31719,113652166.99079,1265160343.20224,-91154124.7977599,144290675.05096,-53615104.7977599,192713316.72479,73437243.05096,123192461.55096,589459459.05096,88047875.05096,209676644.89479,74893755.05096,274331306.99079,120878191.00296
"P14415_FHVNYTQPLVAVK_4_01Y41Y41M(31M)61M(31M21M)61M",621777816.442398,4976706203.64344,357517100.299065,1530762308.55906,336397928.25506,-640730898.356561,-606534612.356561,400325971.051732,-647861688.356561,383488006.40106,237612984.199065,142378872.315065,211171102.315066,335915020.857466,427614416.25506,160436606.315066,337472918.25506,125038319.315065
"Q15291_VTTGTSNTTAIK_7_01Y41Y41M(31M21M21M)61M(31M21M)61M21M",499168392.204351,-258322622.228868,106545352.204351,576234109.125981,466863135.732648,3084802125.77113,-200398546.228868,2575340232.20435,245867405.771132,491801468.841981,58745600.2043507,189975128.204351,1064215752.20435,127033337.460351,611009366.328648,1277956296.20435,567313185.237981,24072974.8723508
"Q96B36_LNTSDFQKLK_2_01Y41Y41M(31M21M21M31G)61M(31M21M)61M",460738243.996889,-238770942.800666,97490275.9968886,531422484.030685,503512699.174018,2810687757.19933,410748301.199334,2590307427.99689,33122189.1993343,503204258.846685,49690523.9968886,347937672.372889,1055160675.99689,256200980.918222,694540637.022685,1527613027.99689,553178412.110685,25704378.6048887
"P43308_IAPASNVSHTVVLRPLK_6_01Y41Y41M(31M21M21M)61M(31M21M)61M21M",1041427752.20584,607306520.252547,-616649087.794164,1592775774.64598,2046592094.64598,1315189080.25255,-36541863.7474527,-356331607.794164,4429199704.25255,1599403094.64598,1171055784.20584,1901967016.20584,15914330024.2058,11603048.2058358,2294843710.64598,8573881256.20584,2670230270.64598,-171687415.794164
"P43308_IAPASNVSHTVVLRPLK_6_01Y41Y41M(31M21M21M31G31G)61M(31M)61M",2866865625.37767,548238096.014431,-523480910.62233,1713001720.36517,1901200952.36517,3645410768.01443,3004754128.01443,11292444121.3777,4183787216.01443,1454011952.36517,1264223961.37767,2078770393.37767,6832669657.37767,1549124441.37767,2965706328.36517,8057220569.37767,2524839128.36517,502616985.377669
"Q15291_VTTGTSNTTAIK_7_01Y41Y41M(31M21M21M31G)61M(31M21M)61M",502832987.723131,-255950661.922946,110209947.723131,566779463.890468,465955260.8198,2793508038.07705,393568582.077054,2603027099.72313,15942470.0770543,492437384.064467,62410195.7231309,193639723.723131,1067880347.72313,158414643.947131,590015868.381135,1281620891.72313,598184439.770468,28718605.6171311
"P46977_TILVDNNTWNNTHISR_10_01Y41Y41M(31M21M21M)61M(31M21M)61M21M",3299000570.46117,235529259.662356,202558586.461165,939554121.859789,1227910057.85979,3765581284.31836,870654628.318356,5060153082.46117,849880548.318356,994116841.859789,315130234.461165,1934655482.46117,6057834234.46117,643281658.461165,1526234729.85979,1434882810.46117,1958997289.85979,-116915941.538835
"Q9UH99_ALSPNSTISSAPK_5_01Y41Y41M(31M)61M(31M)61M",205778140.703,1109108854.65254,206817467.663,392078522.610032,132579902.795099,-81014814.051463,3766659.95640394,182380156.2242,-16781980.0514631,165251502.839633,131124500.703,670551772.703,25037601.7029999,261326380.703,218457463.787633,26607549.7029999,337937031.787633,85735436.7029999
"Q8N766_FINYNQTVSR_5_01Y41Y41M(31M21M21M)61M(31M21M)61M21M",323671112.412691,396296031.604087,258047492.332691,563415072.250422,89844859.6344223,321463319.236087,224538935.236087,511164840.412691,129700871.236087,151030425.678422,103928040.804691,46223320.4126912,127285496.412691,119832240.412691,209033450.738422,52344172.4126913,148625643.634422,100103066.810691
"Q92626_VNNCSDMCFHQK_3_01Y41Y41M(31M)61M(31M)61M",144147123.867049,1234790529.35482,103274459.867049,614097536.001771,153094300.081771,-86510292.3011839,-83841148.3011839,412199381.295049,-80228308.3011839,139822534.807771,90940291.8670486,236342539.867049,47885832.8670486,208072075.867049,458628958.369771,119053699.867049,153390516.081771,177294143.055049
"Q8TCJ2_TTLVDNNTWNNSHIALVGK_6_01Y41Y41M(31M21M21M31G)61M(31M21M)61M",1407075731.3928,123329559.080692,375479475.392802,497937035.107088,461435908.179088,1263063249.77669,81652745.7766923,1743343379.3928,84023089.7766923,288707812.179088,257902003.392802,75962323.3928022,1044857747.3928,127158355.392802,482030340.179088,481870419.392802,1011912900.17909,75964899.3928022
"P21810_MIENGSLSFLPTLR_4_01Y41Y41M(31M)61M(21Y41L32S)61Y(31F)41L",-50596802.7812142,1368211378.31124,99737693.2187858,327812713.3337,424246810.0449,-122016167.74476,1031629767.58151,2217107698.08799,-130640875.74476,411440133.3577,-49213070.7812142,1149924589.21879,504027532.176072,493784557.218786,353947593.3337,-82421936.7812144,383347569.3337,1482971757.21879
"Q8N766_FINYNQTVSR_5_01Y41Y41M(31M21M21M31G)61M(31M21M)61M",323765056.758618,395961772.05295,258141436.678618,563468739.344142,89898526.7281424,321129059.68495,227783587.68495,511258784.758618,129366611.68495,151084092.772142,104021985.150618,46317264.7586179,127379440.758618,118817936.758618,209087117.832142,52438116.7586179,148679310.728142,100128761.736618
"Q8TCJ2_TTLVDNNTWNNSHIALVGK_10_01Y41Y41M(31M21M21M31G31G)61M(31M)61M",1396409346.01243,383598590.64827,364813090.012426,571520190.460609,508917838.420609,1226612190.87227,45201686.8722703,1732676994.01243,47572030.8722704,326920652.386609,158272306.012426,-48158221.9875744,1360305154.01243,119549643.920426,289272414.420609,471204034.012426,603437070.420609,65298514.0124256
"P14625_HNNDTQHIWESDSNEFSVIADPR_3_01Y41Y41M(31M)61M(31M21M)61M",127363104.820422,2513218289.03498,323399883.260422,1159936076.52147,182869074.532137,-289723504.24502,-163349079.629153,188136748.820422,-224673384.671686,146191854.73147,220433708.820422,167118828.820422,376289428.820422,118192580.820422,122005771.62547,122765278.820422,987091323.62547,146596700.820422
"P01859_EEQFNSTFR_5_01Y(61F)41Y41M(31M41Y)61M61Y",4254390086.37443,128046506.962626,1021173318.37443,1071316807.89106,688684723.89106,3860034775.59196,1991960964.70863,5726243589.20003,843546908.594627,949186855.89106,418704454.374431,189419334.374431,4458895703.86483,373711494.374431,2060692039.89106,2377368167.9587,4679398983.89106,653621254.374431
"P46977_TILVDNNTWNNTHISR_10_01Y41Y41M(31M21M21M31G31G)61M(31M)61M",3235585801.89204,426332182.762033,280490828.077181,835660782.400591,1124016718.40059,2214567711.69003,1125982095.86203,5048873993.89204,534219935.690033,885880849.302592,391655113.892039,1923376393.89204,6046555145.89204,632002569.892038,1422341390.40059,1490798089.89204,3190958158.40059,-269675374.107961
"O14672_NISQVLEK_1_01Y41Y41M(31M21M)61M(31M)61M",269561381.538295,1143340880.48725,247365781.538295,661915042.329687,91303559.0272871,516997930.18325,-65971981.4107504,59105803.5382948,-115224589.81675,162905908.089287,92328825.5382948,89062525.5382948,113187365.538295,214538021.538295,158609367.027287,384285493.538295,173448807.027287,135725637.538295
"P46977_TILVDNNTWNNTHISR_10_01Y41Y41M(31M21M21M)61M(31M21M)61M",912106874.995826,842230476.4202,110041234.995826,373012456.550016,351781960.550016,2603233363.2602,-154985452.7398,220812762.995826,-387612700.7398,391942240.550016,10374380.9958261,599861818.995826,2088558650.99583,233654794.995826,384735644.550016,691065082.995826,512180616.550016,44975386.9958261
"P35555_CDSGFALDSEERNCTDIDECR_13_01Y41Y41M(31M)61M(31M)61M",920170040.758886,-47694681.892441,370598456.758886,785429107.599099,797323827.599099,2293786016.64623,1429897001.54489,4394995932.81049,940274275.098229,871936179.599099,860870584.758886,3676646200.75889,234841496.758886,273232792.758886,1177585864.3591,-89421827.2411137,782733219.599099,628679955.536219
"Q13510_TVLENSTSYEEAK_5_01Y41Y41M(31M21M)61M(31M)61M",3520648268.05898,859518935.787871,94439015.0429757,423992955.612139,373982896.488806,-12580611.8601294,7351388.13987058,-26914779.9410243,226106956.139871,392560781.504139,44851296.2853758,513667020.058976,-111399095.941024,20168988.0589758,479972299.612139,773811200.463262,462667259.612139,18349517.1849757
"Q9UH99_ALSPNSTISSAPK_5_01Y41Y41M(31M)61M(31M21M)61M",15321650.644426,42475166.1158423,226131790.876426,78344520.7550027,132297760.755003,111719042.115842,27654703.1158423,31811072.644426,323310058.115842,159426896.749003,108652868.644426,911550892.644426,-383567.355573982,494070572.644426,514199128.755003,155989740.644426,501523448.755003,57049524.644426
"P11047_LLNNLTSIK_4_01Y41Y41M(31M)61M(31M21M)61M",129362996.237174,681754675.847785,158288588.237174,938130589.167657,73727224.6188571,224566337.583784,-17696486.4162156,174996619.444507,-31875830.4162156,131625445.167657,165279068.237174,104758188.237174,54246168.2371744,389812732.237174,214972969.143657,504097756.237174,143133253.167657,99845396.2371744
"P43308_IAPASNVSHTVVLRPLK_6_01Y41Y41M(31M21M21M31G)61M(31M21M)61M",1288573709.09395,-430224128.055502,-369503130.906054,1627290257.88993,1827272497.88993,3433501007.9445,2792844367.9445,11446421901.0939,3971877455.9445,1368300489.88993,1418201741.09395,2232748173.09395,246247629.093946,258749005.093946,2879994865.88993,8821027213.09395,2439127665.88993,656594765.093946
"P46977_TILVDNNTWNNTHISR_6_01Y41Y41M(31M21M21M31G31G)61M(31M)61M",3235585801.89204,426332182.762033,280490828.077181,835660782.400591,1124016718.40059,2214567711.69003,1125982095.86203,5048873993.89204,534219935.690033,885880849.302592,391655113.892039,1923376393.89204,6046555145.89204,632002569.892038,1422341390.40059,1490798089.89204,3190958158.40059,-269675374.107961
"Q07954_WTGHNVTVVQR_5_01Y41Y41M(31M41Y(31F)41L)61M61Y41L",273691562.702598,37126496.0542199,277466250.702598,358899420.373295,80500910.3732948,649017192.01542,112142534.88342,471688754.700198,-4198217.94578007,174328098.387295,104499442.702598,298604586.702598,269893775.227598,339197642.702598,324731180.373295,-2277513.29740179,102374064.373295,160406442.702598
"Q13510_TVLENSTSYEEAK_5_01Y41Y41M(31M)61M(31M21M)61M",3520648268.05898,859518935.787871,94439015.0429757,423992955.612139,373982896.488806,-12580611.8601294,7351388.13987058,-26914779.9410243,226106956.139871,392560781.504139,44851296.2853758,513667020.058976,-111399095.941024,20168988.0589758,479972299.612139,773811200.463262,462667259.612139,18349517.1849757
"P43308_IAPASNVSHTVVLRPLK_6_01Y41Y41M(31M21M)61M(31M21M)61M",551875885.478254,712661910.418563,225209162.814254,622685446.48447,55511158.5980698,100694583.114564,-1530884.88543648,318218669.478254,2140471.11456355,133122728.36207,89475836.958254,50091057.478254,72343561.478254,61347465.478254,163565538.08607,64778981.478254,163248436.59807,100742987.080254
"P55083_VDLEDFENNTAYAK_8_01Y41Y41M(31M)61M(21Y(31F)41L32S)61Y41L",233839516.205445,1284650116.15392,228366059.221445,720052602.774736,239312531.232736,70355210.4499214,52782547.6532547,739385738.211045,-5026157.55007857,173659658.774736,348446556.205445,1081531324.20544,306433452.455426,552878780.205445,134254218.774736,110608590.163064,957225210.774736,341917468.205445
"O94901_TLSPTGNISSAPK_7_01Y41Y41M(31M21M)61M(31M)61M",18109156.6250244,45144396.684903,228716552.457024,151729956.569292,124992091.384606,114388272.684903,30323933.6849029,34598578.6250244,325979288.684903,151918332.818606,111440374.625024,914338398.625025,-4034267.37497559,533810206.625024,506893459.384606,158777246.625024,554733715.384606,59837030.6250244
"P14415_FHVNYTQPLVAVK_4_01Y41Y41M(31M21M)61M(31M)61M",622127294.908604,4976167556.90812,357088183.821271,1536628791.97352,336023736.949517,-635266051.091883,-607073259.091883,399479554.585938,-648400335.091883,383113815.095517,237492336.625271,142760437.389271,211552667.389271,334917704.795671,427240224.949517,160818171.389271,337098726.949517,125419884.389271
"P56199_SQNDKFNVSLTVK_7_01Y41Y41M(31M)61M(31M)61M",381563107.576164,1056212985.72472,342654211.576164,499696073.559002,474183728.724602,86139683.5807197,99990155.5807197,1623029007.15416,211480755.58072,393132317.833002,-105697960.423836,-101955800.423836,3807706250.92003,848408899.576164,1228116233.559,135148291.576164,824533527.478113,208957187.576164
"O14672_NISQVLEK_1_01Y41Y41M(31M)61M(31M21M)61M",269508487.002284,1143703541.19369,247140679.002284,666009627.289216,91372554.6748157,517360590.889688,-65775574.5683122,58880701.002284,-120532401.110312,161625287.358816,92103723.002284,88837423.002284,121219447.002284,214312919.002284,158678362.674816,384060391.002284,173517802.674816,135500535.002284
"P46977_TILVDNNTWNNTHISR_6_01Y41Y41M(31M21M21M)61M(31M21M)61M",914653775.724915,836622266.219921,112588135.724915,371846652.264872,361642128.264872,2600911291.68392,-157307524.316079,134093215.724915,-389934772.316079,390776436.264872,12921281.7249153,602408719.724915,2091105551.72492,236201695.724915,383569840.264872,693611983.724915,511014812.264872,47522287.7249153
"Q07954_WTGHNVTVVQR_5_01Y(61F)41Y41M(31M41Y41L)61M61Y41L",256720534.867691,935231996.163132,300575046.867691,408642571.625821,102890877.625821,340319922.400332,20270706.3549992,408791369.587691,-99139188.5168678,179803280.759821,119246686.867691,321713382.867691,252177139.989024,362306438.867691,347121147.625821,20831282.8676908,124764031.625821,183515238.867691
"P46977_TILVDNNTWNNTHISR_6_01Y41Y41M(31M21M21M31G)61M(31M)61M",813662071.671564,817011081.524308,94708175.6715639,380514022.052391,389708222.052391,2625506483.11631,-132712332.883692,1022388919.67156,-365339580.883692,399443806.052391,-4958678.32843602,518129015.671564,2073225591.67156,52756191.6715639,392237210.052391,675732023.671564,519682182.052391,81969935.671564
"P35555_CDSGFALDSEERNCTDIDECR_13_01Y41Y41M(31M21M)61M(31M)61M",249589382.093102,870618776.171406,174037206.093102,761159773.737113,247830852.873113,80383050.867406,371345611.048339,1325337220.0291,237288749.754073,340763012.873113,355802630.093102,563849062.093102,-6381965.90689838,49638662.0931017,353134825.977113,635524934.212435,191938668.873113,2155496.09310168
"Q9Y5Q0_MPRHNYSR_5_01Y41Y41M(31M)61M(31M21M)61M",69033537.1833948,1669240827.28545,460673297.538595,1965645823.41384,246559492.831444,576782108.71745,763704.021450639,2559997065.64139,174216886.021451,182058290.771844,624612625.183395,1398406737.18339,445779594.013395,327677809.183395,759521087.413844,697203153.183395,2551240959.41384,50286061.1833948
"P46977_TILVDNNTWNNTHISR_6_01Y41Y41M(31M21M)61M(31M21M)61M21M",965241364.421925,815997580.293144,163175724.421925,311600778.663899,320794978.663899,2576912124.23714,-181306691.762856,273947252.421925,-413933939.762856,328577695.645899,111421684.421925,652996308.421925,274237220.421925,286789284.421925,361448994.663899,744199572.421925,450768938.663899,98109876.4219246
"Q96B36_LNTSDFQKLK_2_01Y41Y41M(31M21M21M)61M(31M21M)61M21M",428847730.014114,-263287924.250449,105094034.014114,525495060.048836,505181781.014836,2786170775.74955,386231319.749551,2573888914.01411,240902103.749551,504154523.264836,57294282.0141137,358487937.014114,1062764434.01411,296398618.878647,724668088.200836,1535216786.01411,551967902.080836,42773988.5941138
"P11047_NISQDLEK_1_01Y(61F)41Y41M(31M41Y41L)61M61Y41L",52379910.9594872,609497121.655099,398969834.959487,409243970.852315,114030122.852315,140580836.463099,102197682.418432,352966183.727887,-22204655.5369009,132221710.738315,34643034.9594872,47767334.9594872,57071590.9594872,426758346.959487,255215359.332315,98571658.9594872,242716663.794982,143549415.423487
"Q8TCJ2_TTLVDNNTWNNSHIALVGK_6_01Y41Y41M(31M21M21M)61M(31M21M)61M21M",958145740.866177,47155605.2158392,385197356.866177,507882014.765234,480887568.093234,1095002666.51184,34027490.5118393,1977610252.86618,806391210.511839,308159472.093234,267619884.866177,85680204.866177,1380689420.86618,136876236.866177,501482000.093234,491588300.866177,1031364560.09323,116413884.866177
