,Adrenal_gland,Brain,Colon,Fat,Heart,Intestine,Kidney,Liver,Lung,Muscle,Oesophagus,Ovary,Pancreas,Prostate,Spleen,Stomach,Tetis,Urinary_bladder
Q9Y4L1_VFGSQNLTTVK_6_01Y41Y41M(31M21M21M)61M(31M21M)61M21M,486164192.0,58408436.0,162410496.0,,105645680.0,3107867136.0,116332512.0,2655227648.0,562598464.0,,114610744.0,245840272.0,1120080896.0,92300584.0,,1333821440.0,207821216.0,45957744.0
Q8TCJ2_TTLVDNNTWNNSHIALVGK_6_01Y41Y41M(31M21M21M31G31G)61M(31M)61M,1489300224.0,,457703968.0,,296234048.0,1252075648.0,70665144.0,1825567872.0,73035488.0,,251163184.0,44732656.0,1453196032.0,,76588624.0,564094912.0,390753280.0,158189392.0
P23229_ANHSGAVVLLK_2_01Y41Y41M(31M)61M(31M21M)61M,14266851.0,,,,30292140.0,1180963456.0,301725696.0,12151513.0,50454816.0,,114639240.0,47708228.0,30799708.0,30589986.0,235551152.0,725773184.0,340629056.0,133716776.0
P01859_EEQFNSTFR_5_01Y41Y41M(31M41Y31F)61M61Y,380530496.0,,1262228736.0,428417024.0,45784940.0,,,,,306287072.0,659759872.0,2561414656.0,,2606820608.0,221120672.0,,3566469888.0,2745204224.0
P43308_IAPASNVSHTVVLRPLK_6_01Y41Y41M(31M21M21M)61M(31M21M)61M,1603068416.0,62667404.0,230544464.0,41471180.0,367607264.0,971951104.0,3327277312.0,2661474048.0,650917632.0,193370288.0,263298816.0,606612608.0,1550193664.0,890409984.0,355719264.0,4371832832.0,1250597504.0,614801472.0
Q8TCJ2_TTLVDNNTWNNSHIALVGK_10_01Y41Y41M(31M21M21M31G)61M(31M21M)61M,1489300224.0,,457703968.0,,296234048.0,1252075648.0,70665144.0,1825567872.0,73035488.0,123505952.0,340126496.0,158186816.0,1127082240.0,209382848.0,316828480.0,564094912.0,846711040.0,158189392.0
P46977_TILVDNNTWNNTHISR_10_01Y41Y41M(31M21M21M31G)61M(31M)61M,851128704.0,,132174808.0,53111472.0,62305672.0,3002010624.0,243791808.0,173272080.0,11164560.0,72041256.0,32507954.0,555595648.0,2110692224.0,90222824.0,64834660.0,713198656.0,192279632.0,119436568.0
P46977_TILVDNNTWNNTHISR_6_01Y41Y41M(31M21M21M31G)61M(31M21M)61M,3605356800.0,,565682560.0,188929696.0,36789656.0,6912869888.0,985359552.0,5389050368.0,964585472.0,243492416.0,644027520.0,2263552768.0,6386731520.0,1158583552.0,775610304.0,1684007424.0,1208372864.0,211981344.0
P11047_NISQDLEK_1_01Y41Y41M(31M41Y(31F)41L)61M61Y41L,34085792.0,,389261216.0,477507040.0,380572768.0,210913360.0,,,31399964.0,148173488.0,24934416.0,,47362972.0,493106336.0,,88863040.0,,
P43308_IAPASNVSHTVVLRPLK_6_01Y41Y41M(31M21M21M31G)61M(31M)61M,1603068416.0,62667404.0,259718960.0,41471180.0,367607264.0,971951104.0,3327277312.0,2661474048.0,650917632.0,193370288.0,263298816.0,606612608.0,1550193664.0,890409984.0,355719264.0,4371832832.0,1036656064.0,614801472.0
Q9UH99_ALSPNSTISSAPK_5_01Y41Y41M(31M21M)61M(31M21M)61M21M,60876964.0,,,,13056712.0,50368492.0,,31073850.0,15342866.0,12152595.0,31011024.0,213626768.0,,132316800.0,112845168.0,,24524538.0,
P14625_HNNDTQHIWESDSNEFSVIADPR_3_01Y41Y41M(31M21M)61M(31M)61M,36232972.0,,,,,12761338.0,,97006616.0,,,129303576.0,75988696.0,285159296.0,27062448.0,47488528.0,31635146.0,912574080.0,55466568.0
Q9Y4L1_VFGSQNLTTVK_6_01Y41Y41M(31M21M)61M(31M)61M,,33834252.0,,,,1062618752.0,129185760.0,30734252.0,105050224.0,,35580224.0,21740228.0,16659102.0,,,570730560.0,90447232.0,48501928.0
P11047_LLNNLTSIK_4_01Y41Y41M(31M21M)61M(31M)61M,114511384.0,,143436976.0,914065536.0,,269709152.0,27446328.0,,13266984.0,107560392.0,150427456.0,89906576.0,39394556.0,371544000.0,,475502560.0,119068200.0,84993784.0
O94901_TLSPTGNISSAPK_7_01Y41Y41M(31M)61M(31M21M)61M,33241862.0,29272724.0,,48719664.0,102672904.0,98516600.0,14452261.0,49731284.0,310107616.0,,126573080.0,929471104.0,11098438.0,548942912.0,484574272.0,173909952.0,532414528.0,74969736.0
Q9Y4L1_VFGSQNLTTVK_6_01Y41Y41M(31M21M21M31G31G)61M(31M)61M,486164192.0,114242504.0,,,129383200.0,3401533184.0,707927680.0,483341024.0,358754976.0,,30940768.0,209988240.0,1333709184.0,92300584.0,77139736.0,727299008.0,110758504.0,45957744.0
Q9UH99_ALSPNSTISSAPK_5_01Y41Y41M(31M21M21M)61M(31M21M)61M,60876964.0,,,,13056712.0,50368492.0,,31073850.0,15342866.0,12152595.0,31011024.0,213626768.0,,132316800.0,112845168.0,,195813472.0,
P11047_LLNNLTSIK_4_01Y41Y41M(31M)61M(31M)61M,47686176.0,,180037664.0,1652097536.0,123277336.0,31629830.0,,,25959450.0,55332560.0,66566900.0,,109535944.0,108474680.0,,50176492.0,,
Q8TCJ2_TTLVDNNTWNNSHIALVGK_10_01Y41Y41M(31M21M21M)61M(31M21M)61M21M,1030652352.0,,457703968.0,,296234048.0,1131640320.0,70665144.0,2050116864.0,843028864.0,123505952.0,340126496.0,158186816.0,1453196032.0,209382848.0,316828480.0,564094912.0,846711040.0,188920496.0
P02751_RHEEGHMLNCTCFGQGR_9_01Y41Y41M(31M)61M(21Y41L32S)61Y41L32S,1123395200.0,,620029312.0,35740016.0,,26725606.0,,,,95143408.0,202571184.0,101433736.0,,814230720.0,876460416.0,,27223940.0,438148320.0
Q13510_TVLENSTSYEEAK_5_01Y41Y41M(31M)61M(31M)61M,6544087040.0,,,824506752.0,6783452.0,837951488.0,87100080.0,498079072.0,444106976.0,,100492584.0,779625856.0,48503748.0,154865984.0,211855968.0,,36878344.0,
P46977_TILVDNNTWNNTHISR_10_01Y41Y41M(31M21M)61M(31M21M)61M21M,934240448.0,,132174808.0,53111472.0,31880976.0,3002010624.0,243791808.0,242946336.0,11164560.0,,80420768.0,621995392.0,243236304.0,255788368.0,102959688.0,713198656.0,192279632.0,67108960.0
Q9Y5Q0_MPRHNYSR_5_01Y41Y41M(31M21M)61M(31M)61M,43533552.0,,,1941598464.0,,,11856146.0,,185309328.0,,599112640.0,1372906752.0,,302177824.0,735473728.0,671703168.0,2527193600.0,24786076.0
P43308_IAPASNVSHTVVLRPLK_6_01Y41Y41M(31M21M)61M(31M21M)61M21M,1603068416.0,,230544464.0,686410560.0,54905468.0,2651585024.0,3327277312.0,2661474048.0,816276992.0,193370288.0,339293728.0,606374912.0,510578272.0,931312704.0,134542128.0,1191898880.0,1250597504.0,601934016.0
P55083_FNGSVSFFR_2_01Y41Y41M(31M)61M(31M21M)61M,28000164.0,,,2050439040.0,,60894228.0,11856146.0,,2191913216.0,,599112640.0,1414107008.0,44022668.0,466965888.0,769673600.0,671703168.0,2340775168.0,146425088.0
P23229_ANHSGAVVLLK_2_01Y41Y41M(31M21M)61M(31M)61M,14266851.0,,,,30292140.0,1180963456.0,301725696.0,12151513.0,50454816.0,,114639240.0,47708228.0,30799708.0,30589986.0,235551152.0,725773184.0,340629056.0,133716776.0
Q9Y4L1_VFGSQNLTTVK_6_01Y41Y41M(31M21M21M)61M(31M21M)61M,382893280.0,222509392.0,,,21693036.0,1416116736.0,59802268.0,1087934464.0,97341288.0,,56659064.0,,572681280.0,71269696.0,,678888128.0,182372176.0,
P05164_SYNDSVDPR_3_01Y(61F)41Y41M(31M)61M,42243108.0,,39793724.0,,187264928.0,,,94291576.0,831791936.0,,43738764.0,343008960.0,,266918112.0,2476898560.0,,104786048.0,252418528.0
P21810_MIENGSLSFLPTLR_4_01Y41Y41M(31M)61M(21Y(31F)41L32S)61Y41L,146114880.0,,270792608.0,34423008.0,,12593200.0,,,41479228.0,,197401552.0,1163036672.0,,594615040.0,137417968.0,18408546.0,59021928.0,1583802240.0
P55083_VDLEDFENNTAYAK_8_01Y41Y41M(31M)61M(21Y41L32S)61Y(31F)41L,270497760.0,,,719812096.0,,95826976.0,,,37605344.0,68292112.0,227951408.0,1164049664.0,,605057792.0,99519576.0,47647308.0,851857664.0,268906464.0
P46977_TILVDNNTWNNTHISR_10_01Y41Y41M(31M21M21M31G)61M(31M21M)61M,3627897856.0,,531455872.0,188929696.0,36789656.0,6912869888.0,985359552.0,5389050368.0,964585472.0,243492416.0,644027520.0,2263552768.0,6386731520.0,972178944.0,775610304.0,1684007424.0,1208372864.0,211981344.0
Q9BVK6_FTFTSHTPGEHQICLHSNSTK_18_01Y41Y41M(31M41Y31F)61M61Y,243075680.0,,,,34055464.0,,211744880.0,219630800.0,142848912.0,,104080344.0,52987860.0,,133924552.0,81198176.0,,161966912.0,98299472.0
Q9Y4L1_VFGSQNLTTVK_6_01Y41Y41M(31M21M21M31G)61M(31M21M)61M,555033536.0,58408436.0,162410496.0,,105645680.0,3107867136.0,116332512.0,2655227648.0,330301568.0,,114610744.0,245840272.0,1120080896.0,92300584.0,77139736.0,1333821440.0,207821216.0,45957744.0
Q92626_VNNCSDMCFHQK_2_01Y41Y41M(31M)61M(31M)61M,113017464.0,,72144800.0,,115371752.0,18677816.0,21346960.0,,24959800.0,,59810632.0,205212880.0,16756173.0,176942416.0,,87924040.0,115667968.0,
Q9UH99_ALSPNSTISSAPK_5_01Y41Y41M(31M21M)61M(31M)61M,33241862.0,29272724.0,,73174560.0,102672904.0,98516600.0,14452261.0,49731284.0,310107616.0,,126573080.0,929471104.0,17536644.0,511990784.0,484574272.0,173909952.0,471898592.0,74969736.0
P46977_TILVDNNTWNNTHISR_6_01Y41Y41M(31M21M21M)61M(31M21M)61M21M,3605356800.0,,565682560.0,188929696.0,477285632.0,3880286208.0,985359552.0,5389050368.0,964585472.0,243492416.0,644027520.0,2263552768.0,6386731520.0,972178944.0,775610304.0,1763780096.0,1208372864.0,70501000.0
Q9Y4L1_VFGSQNLTTVK_6_01Y41Y41M(31M)61M(31M21M)61M,,33834252.0,,,,1062618752.0,11998673.0,30734252.0,105050224.0,,35580224.0,21740228.0,16659102.0,,,570730560.0,90447232.0,48501928.0
P55083_FNGSVSFFR_2_01Y41Y41M(31M21M)61M(31M)61M,43533552.0,,,1941598464.0,,60894228.0,11856146.0,,2191913216.0,,599112640.0,1414107008.0,44022668.0,302177824.0,769673600.0,671703168.0,2340775168.0,24786076.0
Q9Y4L1_VFGSQNLTTVK_6_01Y41Y41M(31M21M)61M(31M21M)61M21M,425140480.0,222509392.0,,,21693036.0,1416116736.0,59802268.0,127512496.0,97341288.0,,56659064.0,,572681280.0,71269696.0,,58115576.0,182372176.0,
P14415_FHVNYTQPLVAVK_4_01Y41Y41M(31M)61M(31M21M)61M,,5645396992.0,,,20969144.0,27959890.0,62156176.0,,20829100.0,,,23055898.0,91848128.0,,112185632.0,41113632.0,22044134.0,5715345.0
Q15291_VTTGTSNTTAIK_7_01Y41Y41M(31M21M21M)61M(31M21M)61M21M,555033536.0,58408436.0,162410496.0,,,3401533184.0,116332512.0,2631205376.0,562598464.0,,114610744.0,245840272.0,1120080896.0,,,1333821440.0,,
Q96B36_LNTSDFQKLK_2_01Y41Y41M(31M21M21M31G)61M(31M21M)61M,525658464.0,58408436.0,162410496.0,,,3107867136.0,707927680.0,2655227648.0,330301568.0,,114610744.0,,1120080896.0,,,1592533248.0,207821216.0,
P43308_IAPASNVSHTVVLRPLK_6_01Y41Y41M(31M21M21M)61M(31M21M)61M21M,1703568768.0,760360896.0,45491928.0,82831072.0,536647392.0,1468243456.0,116512512.0,305809408.0,4582254080.0,89458392.0,1833196800.0,2564108032.0,16576471040.0,673744064.0,784899008.0,9236022272.0,1160285568.0,490453600.0
P43308_IAPASNVSHTVVLRPLK_6_01Y41Y41M(31M21M21M31G31G)61M(31M)61M,3435838464.0,946704960.0,45491928.0,348448160.0,536647392.0,4043877632.0,3403220992.0,11861416960.0,4582254080.0,89458392.0,1833196800.0,2647743232.0,7401642496.0,2118097280.0,1601152768.0,8626193408.0,1160285568.0,1071589824.0
Q15291_VTTGTSNTTAIK_7_01Y41Y41M(31M21M21M31G)61M(31M21M)61M,555033536.0,58408436.0,162410496.0,,,3107867136.0,707927680.0,2655227648.0,330301568.0,,114610744.0,245840272.0,1120080896.0,,,1333821440.0,,
P46977_TILVDNNTWNNTHISR_10_01Y41Y41M(31M21M21M)61M(31M21M)61M21M,3627897856.0,,531455872.0,188929696.0,477285632.0,3880286208.0,985359552.0,5389050368.0,964585472.0,243492416.0,644027520.0,2263552768.0,6386731520.0,972178944.0,775610304.0,1763780096.0,1208372864.0,211981344.0
Q9UH99_ALSPNSTISSAPK_5_01Y41Y41M(31M)61M(31M)61M,195741760.0,,,,,26597574.0,,,90830408.0,,121088120.0,660515392.0,15001221.0,251290000.0,143952688.0,16571169.0,263432256.0,75699056.0
Q8N766_FINYNQTVSR_5_01Y41Y41M(31M21M21M)61M(31M21M)61M21M,302757024.0,,,,52366864.0,419680864.0,322756480.0,490250752.0,227918416.0,,,25309232.0,106371408.0,98918152.0,,31430084.0,111147648.0,
Q92626_VNNCSDMCFHQK_3_01Y41Y41M(31M)61M(31M)61M,113017464.0,,72144800.0,,115371752.0,18677816.0,21346960.0,,24959800.0,,59810632.0,205212880.0,16756173.0,176942416.0,,87924040.0,115667968.0,
Q8TCJ2_TTLVDNNTWNNSHIALVGK_6_01Y41Y41M(31M21M21M31G)61M(31M21M)61M,1489300224.0,,457703968.0,,296234048.0,1252075648.0,70665144.0,1825567872.0,73035488.0,123505952.0,340126496.0,158186816.0,1127082240.0,209382848.0,316828480.0,564094912.0,846711040.0,158189392.0
P21810_MIENGSLSFLPTLR_4_01Y41Y41M(31M)61M(21Y41L32S)61Y(31F)41L,50233680.0,,200568176.0,34423008.0,,21355986.0,,,12731278.0,,51617412.0,1250755072.0,,594615040.0,60557888.0,18408546.0,89957864.0,1583802240.0
Q8N766_FINYNQTVSR_5_01Y41Y41M(31M21M21M31G)61M(31M21M)61M,302757024.0,,,,52366864.0,419680864.0,326335392.0,490250752.0,227918416.0,,,25309232.0,106371408.0,97809904.0,,31430084.0,111147648.0,
Q8TCJ2_TTLVDNNTWNNSHIALVGK_10_01Y41Y41M(31M21M21M31G31G)61M(31M)61M,1489300224.0,,457703968.0,,296234048.0,1252075648.0,70665144.0,1825567872.0,73035488.0,,251163184.0,44732656.0,1453196032.0,,76588624.0,564094912.0,390753280.0,158189392.0
P14625_HNNDTQHIWESDSNEFSVIADPR_3_01Y41Y41M(31M)61M(31M21M)61M,36232972.0,,,,,12761338.0,,97006616.0,,,129303576.0,75988696.0,285159296.0,27062448.0,47488528.0,31635146.0,912574080.0,55466568.0
P01859_EEQFNSTFR_5_01Y(61F)41Y41M(31M41Y)61M61Y,4495445504.0,,1262228736.0,428417024.0,45784940.0,,,,,306287072.0,659759872.0,430474752.0,,614766912.0,1417792256.0,,4036499200.0,894676672.0
P46977_TILVDNNTWNNTHISR_10_01Y41Y41M(31M21M21M31G31G)61M(31M)61M,3575762176.0,,,188929696.0,477285632.0,2129351040.0,,5389050368.0,449003264.0,,731831488.0,2263552768.0,6386731520.0,972178944.0,775610304.0,1830974464.0,2544227072.0,70501000.0
O14672_NISQVLEK_1_01Y41Y41M(31M21M)61M(31M)61M,230026160.0,,207830560.0,,2526064.0,723776320.0,,19570582.0,91553800.0,,52793604.0,49527304.0,73652144.0,175002800.0,69831872.0,344750272.0,84671312.0,96190416.0
P46977_TILVDNNTWNNTHISR_10_01Y41Y41M(31M21M21M)61M(31M21M)61M,934240448.0,,132174808.0,53111472.0,31880976.0,3002010624.0,243791808.0,242946336.0,11164560.0,72041256.0,32507954.0,621995392.0,2110692224.0,255788368.0,64834660.0,713198656.0,192279632.0,67108960.0
P35555_CDSGFALDSEERNCTDIDECR_13_01Y41Y41M(31M)61M(31M)61M,1072677376.0,,523105792.0,266105472.0,278000192.0,,,,,352612544.0,1013377920.0,3829153536.0,387348832.0,425740128.0,,63085508.0,263409584.0,
Q13510_TVLENSTSYEEAK_5_01Y41Y41M(31M21M)61M(31M)61M,3637034496.0,,,148117696.0,,19691808.0,39623808.0,89471448.0,258379376.0,,,630053248.0,4987132.0,136555216.0,204097040.0,,186792000.0,
Q9UH99_ALSPNSTISSAPK_5_01Y41Y41M(31M)61M(31M21M)61M,33241862.0,29272724.0,,48719664.0,102672904.0,98516600.0,14452261.0,49731284.0,310107616.0,,126573080.0,929471104.0,17536644.0,511990784.0,484574272.0,173909952.0,471898592.0,74969736.0
P11047_LLNNLTSIK_4_01Y41Y41M(31M)61M(31M21M)61M,114511384.0,,143436976.0,914065536.0,,269709152.0,27446328.0,,13266984.0,107560392.0,150427456.0,89906576.0,39394556.0,374961120.0,,489246144.0,119068200.0,84993784.0
P43308_IAPASNVSHTVVLRPLK_6_01Y41Y41M(31M21M21M31G)61M(31M21M)61M,1703568768.0,180152496.0,45491928.0,348448160.0,548430400.0,4043877632.0,3403220992.0,11861416960.0,4582254080.0,89458392.0,1833196800.0,2647743232.0,661242688.0,673744064.0,1601152768.0,9236022272.0,1160285568.0,1071589824.0
P46977_TILVDNNTWNNTHISR_6_01Y41Y41M(31M21M21M31G31G)61M(31M)61M,3575762176.0,,,188929696.0,477285632.0,2129351040.0,,5389050368.0,449003264.0,,731831488.0,2263552768.0,6386731520.0,972178944.0,775610304.0,1830974464.0,2544227072.0,70501000.0
Q07954_WTGHNVTVVQR_5_01Y41Y41M(31M41Y(31F)41L)61M61Y41L,298472960.0,53404272.0,302247648.0,294036768.0,15638258.0,,,,12079558.0,,129280840.0,323385984.0,,363979040.0,259868528.0,22503884.0,37511412.0,185187840.0
Q13510_TVLENSTSYEEAK_5_01Y41Y41M(31M)61M(31M21M)61M,3637034496.0,,,148117696.0,,19691808.0,39623808.0,89471448.0,258379376.0,,,630053248.0,4987132.0,136555216.0,204097040.0,,186792000.0,
P43308_IAPASNVSHTVVLRPLK_6_01Y41Y41M(31M21M)61M(31M21M)61M,541910784.0,,,,11765834.0,167817504.0,65592036.0,308253568.0,69263392.0,,,40125956.0,62378460.0,51382364.0,,54813880.0,119503112.0,
P55083_VDLEDFENNTAYAK_8_01Y41Y41M(31M)61M(21Y(31F)41L32S)61Y41L,270497760.0,,,614685056.0,,95826976.0,,,20445608.0,68292112.0,385104800.0,1118189568.0,,589537024.0,28886672.0,,851857664.0,378575712.0
O94901_TLSPTGNISSAPK_7_01Y41Y41M(31M21M)61M(31M)61M,33241862.0,29272724.0,,,102672904.0,98516600.0,14452261.0,49731284.0,310107616.0,,126573080.0,929471104.0,11098438.0,548942912.0,484574272.0,173909952.0,532414528.0,74969736.0
P14415_FHVNYTQPLVAVK_4_01Y41Y41M(31M21M)61M(31M)61M,,5645396992.0,,,20969144.0,33963384.0,62156176.0,,20829100.0,,,23055898.0,91848128.0,,112185632.0,41113632.0,22044134.0,5715345.0
P56199_SQNDKFNVSLTVK_7_01Y41Y41M(31M)61M(31M)61M,525455584.0,,486546688.0,221337344.0,,55364512.0,69214984.0,,180705584.0,,38194516.0,41936676.0,,992301376.0,949757504.0,279040768.0,,352849664.0
O14672_NISQVLEK_1_01Y41Y41M(31M)61M(31M21M)61M,230198368.0,,207830560.0,,2526064.0,723776320.0,,19570582.0,85883328.0,,52793604.0,49527304.0,81909328.0,175002800.0,69831872.0,344750272.0,84671312.0,96190416.0
P46977_TILVDNNTWNNTHISR_6_01Y41Y41M(31M21M21M)61M(31M21M)61M,934240448.0,,132174808.0,53111472.0,42906948.0,3002010624.0,243791808.0,153679888.0,11164560.0,72041256.0,32507954.0,621995392.0,2110692224.0,255788368.0,64834660.0,713198656.0,192279632.0,67108960.0
Q07954_WTGHNVTVVQR_5_01Y(61F)41Y41M(31M41Y41L)61M61Y41L,258393136.0,,302247648.0,321389952.0,15638258.0,,,,12079558.0,,120919288.0,323385984.0,,363979040.0,259868528.0,22503884.0,37511412.0,185187840.0
P46977_TILVDNNTWNNTHISR_6_01Y41Y41M(31M21M21M31G)61M(31M)61M,851128704.0,,132174808.0,53111472.0,62305672.0,3002010624.0,243791808.0,1059855552.0,11164560.0,72041256.0,32507954.0,555595648.0,2110692224.0,90222824.0,64834660.0,713198656.0,192279632.0,119436568.0
P35555_CDSGFALDSEERNCTDIDECR_13_01Y41Y41M(31M21M)61M(31M)61M,261811104.0,,186258928.0,,136048400.0,181229424.0,,,,228980560.0,368024352.0,576070784.0,5839756.0,61860384.0,,,80156216.0,14377218.0
Q9Y5Q0_MPRHNYSR_5_01Y41Y41M(31M)61M(31M21M)61M,43533552.0,,,1941598464.0,,,11856146.0,,185309328.0,,599112640.0,1372906752.0,,302177824.0,735473728.0,671703168.0,2527193600.0,24786076.0
P46977_TILVDNNTWNNTHISR_6_01Y41Y41M(31M21M)61M(31M21M)61M21M,934240448.0,,132174808.0,53111472.0,62305672.0,3002010624.0,243791808.0,242946336.0,11164560.0,,80420768.0,621995392.0,243236304.0,255788368.0,102959688.0,713198656.0,192279632.0,67108960.0
Q96B36_LNTSDFQKLK_2_01Y41Y41M(31M21M21M)61M(31M21M)61M21M,486164192.0,58408436.0,162410496.0,,,3107867136.0,707927680.0,2631205376.0,562598464.0,,114610744.0,,1120080896.0,,,1592533248.0,207821216.0,
P11047_NISQDLEK_1_01Y(61F)41Y41M(31M41Y41L)61M61Y41L,42671292.0,,389261216.0,377334880.0,82121032.0,194185456.0,,,31399964.0,,24934416.0,38058716.0,47362972.0,417049728.0,,88863040.0,,
Q8TCJ2_TTLVDNNTWNNSHIALVGK_6_01Y41Y41M(31M21M21M)61M(31M21M)61M21M,1030652352.0,,457703968.0,,296234048.0,1131640320.0,70665144.0,2050116864.0,843028864.0,123505952.0,340126496.0,158186816.0,1453196032.0,209382848.0,316828480.0,564094912.0,846711040.0,188920496.0
