,Liver,Adrenal_gland,Intestine,Pancreas,Fat,Ovary,Tetis,Kidney,Stomach,Lung,Spleen,Heart,Muscle,Brain,Oesophagus,Prostate,Colon,Urinary_bladder
P43308_IAPASNVSHTVVLRPLK_6_01Y41Y41M(31M21M21M)61M(31M21M)61M21M,0.3318350105317061,0.6761885889176188,0.734505332945372,0.9999998895084544,0.786310019016983,0.834866987178265,0.9175804237816132,0.4082242901437571,0.9997916248005884,0.9854752685892328,0.8833150957660174,0.854348754701649,0.7874519852385949,0.5720568435325696,0.7046425811967147,0.420226979342689,0.2754039574406854,0.3751527403173173
P43308_IAPASNVSHTVVLRPLK_6_01Y41Y41M(31M21M21M31G31G)61M(31M)61M,0.9999872415641712,0.9316274461367724,0.9680750675954052,0.9987543535147132,0.8063332004447896,0.8584150571796497,0.9055546940818812,0.9401187611201371,0.99964572728485,0.9813870269508972,0.9378197919262504,0.8347584407472873,0.7613770516794987,0.5571379985400516,0.7241688078673449,0.7786769389748525,0.294912256658909,0.5455430980744935
P43308_IAPASNVSHTVVLRPLK_6_01Y41Y41M(31M21M21M31G)61M(31M21M)61M,0.99998910851537,0.7291382893333591,0.960614805061414,0.4798252928659699,0.7922083857337676,0.8765763636929866,0.8977487874290394,0.9266208153928154,0.9998383485053992,0.976963497381386,0.9324817661339324,0.8240123888451687,0.7450102948469008,0.3152209630048078,0.7546278665374222,0.48303216541415,0.3288411405556209,0.5844071892040072
P01859_EEQFNSTFR_5_01Y(61F)41Y41M(31M41Y)61M61Y,0.9961275707493552,0.9826669140307313,0.9742303438841122,0.985905614211098,0.6828763313533195,0.4652724654180111,0.988730845147738,0.8472237725546534,0.8917747902848285,0.6301794465519142,0.856142332992144,0.5923924923242986,0.6550998104076654,0.4496227178082672,0.5240958165186252,0.5125542080439836,0.6716151311912585,0.5836649400922325
P46977_TILVDNNTWNNTHISR_10_01Y41Y41M(31M21M21M31G31G)61M(31M)61M,0.9922631298378036,0.9521578689291864,0.8745410511443286,0.9972105452474588,0.628289019578377,0.8378774638876157,0.9500251683165633,0.6949132680332756,0.7681762911554693,0.5535812168955689,0.7554146147874776,0.6944849605597053,0.6402582393345986,0.5260502735579482,0.5171594059089346,0.5782572627914075,0.4886125874033547,0.3518636542912826
P46977_TILVDNNTWNNTHISR_6_01Y41Y41M(31M21M21M31G31G)61M(31M)61M,0.9922631298378036,0.9521578689291864,0.8745410511443286,0.9972105452474588,0.628289019578377,0.8378774638876157,0.9500251683165633,0.6949132680332756,0.7681762911554693,0.5535812168955689,0.7554146147874776,0.6944849605597053,0.6402582393345986,0.5260502735579482,0.5171594059089346,0.5782572627914075,0.4886125874033547,0.3518636542912826
P46977_TILVDNNTWNNTHISR_6_01Y41Y41M(31M21M21M)61M(31M21M)61M21M,0.9923640149180444,0.9541068516498312,0.9715625643307562,0.9972470973808212,0.6529224366611882,0.839666176939158,0.8428244530636131,0.6356749526327495,0.7580881537551548,0.6307173252537854,0.7746451325048239,0.7167095349725944,0.6655160049692955,0.475898193460841,0.4979180914500357,0.5814796129580726,0.4778076646117812,0.3548860121533728
P46977_TILVDNNTWNNTHISR_10_01Y41Y41M(31M21M21M)61M(31M21M)61M21M,0.9923515956867404,0.9550401423633464,0.971678353578788,0.9972425979690254,0.6528600628986563,0.8394455889957537,0.8427879895413083,0.636646900414897,0.757787706138426,0.6316948359841587,0.7745970819839647,0.7166536498028386,0.6654547347885702,0.47707711306864,0.4975086994760789,0.5810810312270172,0.468632877482334,0.3884348826182032
P46977_TILVDNNTWNNTHISR_6_01Y41Y41M(31M21M21M31G)61M(31M21M)61M,0.992572145067356,0.9553107792518376,0.9981710882920884,0.9973224909499568,0.6871187137203555,0.8433794424190173,0.8622575719528638,0.5527142094633997,0.7480244927494326,0.5474314006074477,0.8005127054683204,0.652570685507085,0.6990434146339756,0.3828994247067085,0.5048790616419869,0.6337241336530222,0.4847589345959789,0.3954610640170737
P46977_TILVDNNTWNNTHISR_10_01Y41Y41M(31M21M21M31G)61M(31M21M)61M,0.9926009360684636,0.9564524698852082,0.9981576921397182,0.9973329186798648,0.6870871122597166,0.8438955689032278,0.8622401132600724,0.5509059915059282,0.7487612431103974,0.5456193831027242,0.8004892315007665,0.6525373591682151,0.6990124900011319,0.3811733220180046,0.5058571043488601,0.5891874798999992,0.4769566595011736,0.3963968426757163
P43308_IAPASNVSHTVVLRPLK_6_01Y41Y41M(31M21M)61M(31M21M)61M21M,0.9165046430108192,0.7872212709000688,0.8668548469667098,0.5462957517174211,0.679493678595783,0.5705625475724384,0.7910311495277478,0.9287543428553596,0.7080178969669862,0.4969098373732118,0.5459690882618137,0.525619998702478,0.5609068917558712,0.3237574212539452,0.5024296872484603,0.6497686995899911,0.4745166398127575,0.5694441458952676
P43308_IAPASNVSHTVVLRPLK_6_01Y41Y41M(31M21M21M)61M(31M21M)61M,0.9031089438641032,0.7585481936322241,0.6126785556366916,0.7484584009986853,0.5497175508071996,0.5301809647951071,0.8087511337430587,0.9467834213389548,0.9818302828915864,0.5321359457101689,0.6277138799479505,0.6305639131810055,0.5879765975706622,0.3832656107571046,0.442286720672676,0.6016811129595564,0.4340018606731973,0.5322762854237011
P43308_IAPASNVSHTVVLRPLK_6_01Y41Y41M(31M21M21M31G)61M(31M)61M,0.9026806265737674,0.7576523169986933,0.6116332968243103,0.747537547328344,0.5514512945037168,0.5289639258979707,0.7736603145735768,0.946561163643573,0.98174292669008,0.5310397001570105,0.6293497984228205,0.6321946461213395,0.5896729880756362,0.382225501409509,0.4410820228158175,0.6005097304271455,0.4401754069403469,0.531059873488731
P01859_EEQFNSTFR_5_01Y41Y41M(31M41Y31F)61M61Y,0.9969699130634794,0.4445838941999099,0.975074798590568,0.9667602233656988,0.6934457946516502,0.8827046602377704,0.9827178993396066,0.8420679726526584,0.809828086095495,0.7170533539137572,0.6464063509998946,0.6042298872514202,0.6661424346016169,0.4167711442836678,0.5160773134048772,0.8874495984380787,0.6644910106468015,0.9008889244053258
P35555_CDSGFALDSEERNCTDIDECR_13_01Y41Y41M(31M)61M(31M)61M,0.9849635383344928,0.6483324980704617,0.8832030343239031,0.4769008169089382,0.6161574883558619,0.969052212550956,0.6155021417442463,0.7568461694108028,0.3951666262620438,0.6530277444896525,0.7060370944984969,0.6190439277130498,0.6369514585547866,0.4054588499998377,0.6343181435162779,0.4867493002293796,0.5117550135324881,0.5774244465317361
P46977_TILVDNNTWNNTHISR_10_01Y41Y41M(31M21M)61M(31M21M)61M21M,0.4867756880429397,0.6586761321359426,0.90992754214405,0.486850122291261,0.4969658159380177,0.5833561455005415,0.5326682497460025,0.3725390692223636,0.6059400776989656,0.3185668758080522,0.5097693869439908,0.4915129713999435,0.5014633342308067,0.6248252279463357,0.4452440326913163,0.4900727283881949,0.4584142538462396,0.4418681282010082
P46977_TILVDNNTWNNTHISR_6_01Y41Y41M(31M21M)61M(31M21M)61M21M,0.4869327012427394,0.6588174157289275,0.910032528604867,0.487007136717536,0.496602095750284,0.5835088924201101,0.5323060500764669,0.3728387038795482,0.6060901358132746,0.3188451592934673,0.5094057854487093,0.4989638218792768,0.5009630188766339,0.6235584182052857,0.445399275499513,0.4902297892364388,0.4585702928410334,0.4420231318142684
Q9Y4L1_VFGSQNLTTVK_6_01Y41Y41M(31M21M21M31G31G)61M(31M)61M,0.5481244568064972,0.5488428442571684,0.9376612742933068,0.7439983806308703,0.5581147271441647,0.4780699760441726,0.5161092875649896,0.4857804746526248,0.6091555959351088,0.3975531157462174,0.5074784247434048,0.5208869555297609,0.5179385560938805,0.3391892434538635,0.4324777689392301,0.4480132243350924,0.470454614634685,0.4362688072036239
P46977_TILVDNNTWNNTHISR_6_01Y41Y41M(31M21M21M31G)61M(31M)61M,0.6718905455323985,0.6229949496049535,0.9140377187225944,0.8577211970972504,0.5143003578356965,0.5494917696367538,0.5498868017803522,0.3845862317791096,0.5891749453125508,0.3297860227017579,0.517308755278382,0.5166598665445165,0.5191574989847202,0.6238028333009695,0.4160866695491617,0.4305625008385551,0.4411612379623863,0.4379369212351886
P46977_TILVDNNTWNNTHISR_10_01Y41Y41M(31M21M21M31G)61M(31M)61M,0.4577429720929445,0.6287995622190518,0.9117510181738008,0.8607197783931283,0.5107526688975699,0.5556208470147945,0.5463697762537049,0.3778026768564679,0.5951618988108922,0.3234610225163602,0.513762265354657,0.5131130962483287,0.5156118734800066,0.6202574547581374,0.4221219882398148,0.4366507741501073,0.4472816612180165,0.4440481560540112
P46977_TILVDNNTWNNTHISR_10_01Y41Y41M(31M21M21M)61M(31M21M)61M,0.4733061106458511,0.6464412343157799,0.9122223965708472,0.8596330321182138,0.5123747530173682,0.5701831662088248,0.5479782816189667,0.3791841343832768,0.5929829391340361,0.3247474871844952,0.5153838388635472,0.5069232155926328,0.5172330748527039,0.6298641529876008,0.4199194282081269,0.4765966399348473,0.4450489258732321,0.4286034380066907
P46977_TILVDNNTWNNTHISR_6_01Y41Y41M(31M21M21M)61M(31M21M)61M,0.4511606857357965,0.6470391238511614,0.9120311594802716,0.8599485080034308,0.5120754639424664,0.5708243975622043,0.54768155389227,0.3786226365108893,0.5936143991299538,0.324224500332169,0.515084648767542,0.5094553793469748,0.5169339563467353,0.6285197137863928,0.4205570189576238,0.4772494859795876,0.4456953560274506,0.4292444573288669
P05164_SYNDSVDPR_3_01Y(61F)41Y41M(31M)61M,0.4302273072966422,0.4171694524846944,0.8310563781368316,0.9539106070398052,0.5783903517061458,0.4936591217878044,0.5174140198716127,0.5481391625865312,0.9520857774655962,0.5791682802050814,0.9246343833276232,0.5385314310243188,0.5233927865680829,0.4161723886294871,0.4175431555408164,0.4741359121436574,0.4165576575840997,0.4704227707627205
P02751_RHEEGHMLNCTCFGQGR_9_01Y41Y41M(31M)61M(21Y41L32S)61Y41L32S,0.8008955561142115,0.6576963678040487,0.4113392949858586,0.967929616973712,0.5208965204335722,0.4020266840289757,0.5187123733429574,0.5482021800011965,0.7012883000684511,0.5474428479105211,0.7206083379818781,0.5671303062893002,0.5361051031077602,0.7817376839672577,0.4272430996258922,0.5830669730099983,0.5339061548882655,0.4872400297177265
P56199_SQNDKFNVSLTVK_7_01Y41Y41M(31M)61M(31M)61M,0.7914867055590509,0.5145696189837016,0.4389918088081835,0.9728454905446774,0.5447989074731237,0.3920926695837087,0.6256149631728081,0.4424996911300264,0.4514291385876805,0.4709163967029707,0.7166966657417976,0.5382907171183281,0.5175384085113359,0.6795060349800046,0.3911765488998063,0.6313429591832677,0.5045788228614305,0.4702703929230337
Q9Y4L1_VFGSQNLTTVK_6_01Y41Y41M(31M21M21M31G)61M(31M21M)61M,0.910738644017681,0.541087759501975,0.9301971759378396,0.6781565225656299,0.5782267603438864,0.4618304431285862,0.5571321894965675,0.3812840566579475,0.7241083384961041,0.4343200272814623,0.523795767324229,0.5310960886222746,0.5368710995160003,0.3673461058267014,0.4285388371405226,0.4229343656172133,0.4406066020463294,0.4113574410963682
Q9Y4L1_VFGSQNLTTVK_6_01Y41Y41M(31M21M21M)61M(31M21M)61M21M,0.9118123768765924,0.5267840944960582,0.9287623477718998,0.6810481999757649,0.5764238627416465,0.4651327951751741,0.5551040272157123,0.3761334830046786,0.7267535048527752,0.4881395231470435,0.5676828450611265,0.5290494820831902,0.5384118281472688,0.3622735698561816,0.4317941350594942,0.4261788401968581,0.4438823653154111,0.4145769086167402
Q15291_VTTGTSNTTAIK_7_01Y41Y41M(31M21M21M)61M(31M21M)61M21M,0.909900204890303,0.5446644432532759,0.9445848692254266,0.6812941490825587,0.5642234769286463,0.4654145500633729,0.5619683943990729,0.3682632163402838,0.7269783386543153,0.479727782088732,0.5729880077623625,0.536420725156253,0.5427865260148481,0.3545285059602199,0.4320720087167174,0.4493651135933836,0.4441619372286389,0.4233518276646394
Q15291_VTTGTSNTTAIK_7_01Y41Y41M(31M21M21M31G)61M(31M21M)61M,0.912205424697642,0.5455981231655616,0.9266671692402616,0.6821111805565215,0.5618333950774078,0.4663515166634975,0.5697607248546938,0.5176503359214776,0.727725059056231,0.4213136864681154,0.5677020611483229,0.5361887426556271,0.5429486771780951,0.3550864290805686,0.4329962193497871,0.4573559269303539,0.4450917412096685,0.4245175633002016
Q96B36_LNTSDFQKLK_2_01Y41Y41M(31M21M21M31G)61M(31M21M)61M,0.91115307285965,0.534855376717015,0.9278577348127904,0.679270515982633,0.5528707597039101,0.5059358706415811,0.5583901128590393,0.5220564212149968,0.7748442512988623,0.4256233376649436,0.5938445658049707,0.5457712676446055,0.5456926992919128,0.3591390654899479,0.4297903592844854,0.4823784202291816,0.4418661165840691,0.4237611019299891
Q96B36_LNTSDFQKLK_2_01Y41Y41M(31M21M21M)61M(31M21M)61M21M,0.9097778755601832,0.5266946615656406,0.9261531985258588,0.6809702649977162,0.5513646863061263,0.5086454063382341,0.558083379287178,0.5157676703112113,0.7762043702363987,0.4784545421758814,0.6012887646679284,0.5461963896952645,0.5459347508278362,0.3533618691441598,0.4317061167292271,0.4926974801100938,0.4437938074548054,0.42804956968126
Q8TCJ2_TTLVDNNTWNNSHIALVGK_10_01Y41Y41M(31M21M21M)61M(31M21M)61M21M,0.8453053968588634,0.6571767177023387,0.6881231347929153,0.7474210073203005,0.5468840075086637,0.438875539945292,0.6739204548874644,0.4258507585318777,0.5427321685700098,0.6212386455796691,0.5452539502405298,0.5400022205428547,0.4957181561922437,0.4291521537859765,0.4853086009616614,0.4518688569241877,0.5155023289172435,0.4466667159941632
Q8TCJ2_TTLVDNNTWNNSHIALVGK_6_01Y41Y41M(31M21M21M)61M(31M21M)61M21M,0.8453053968588634,0.6571767177023387,0.6881231347929153,0.7474210073203005,0.5468840075086637,0.438875539945292,0.6739204548874644,0.4258507585318777,0.5427321685700098,0.6212386455796691,0.5452539502405298,0.5400022205428547,0.4957181561922437,0.4291521537859765,0.4853086009616614,0.4518688569241877,0.5155023289172435,0.4466667159941632
Q8TCJ2_TTLVDNNTWNNSHIALVGK_6_01Y41Y41M(31M21M21M31G31G)61M(31M)61M,0.8094706694250341,0.7504580881752791,0.7163827757022523,0.7434465022557137,0.5630321903164481,0.4053440395627175,0.5710832374388256,0.4286603848589806,0.5375297029019476,0.4292569793545482,0.4908674197970567,0.5471477339369191,0.5005373638400007,0.5150920273496111,0.457319629803315,0.4474631911923958,0.5102696088503925,0.4337249819634445
Q8TCJ2_TTLVDNNTWNNSHIALVGK_10_01Y41Y41M(31M21M21M31G31G)61M(31M)61M,0.8094706694250341,0.7504580881752791,0.7163827757022523,0.7434465022557137,0.5630321903164481,0.4053440395627175,0.5710832374388256,0.4286603848589806,0.5375297029019476,0.4292569793545482,0.4908674197970567,0.5471477339369191,0.5005373638400007,0.5150920273496111,0.457319629803315,0.4474631911923958,0.5102696088503925,0.4337249819634445
Q8TCJ2_TTLVDNNTWNNSHIALVGK_10_01Y41Y41M(31M21M21M31G)61M(31M21M)61M,0.8111552442409992,0.7525048971403603,0.7239305163869775,0.6769597913351699,0.5443506424735961,0.4364180683425606,0.6695131655602582,0.4378566994912399,0.5402530661162402,0.4384562708297742,0.5402938795420446,0.5350337151120299,0.4907224357203527,0.4484236385984443,0.4828148440905517,0.4493968986609031,0.5130080646158849,0.4364187193570298
Q8TCJ2_TTLVDNNTWNNSHIALVGK_6_01Y41Y41M(31M21M21M31G)61M(31M21M)61M,0.8111552442409992,0.7525048971403603,0.7239305163869775,0.6769597913351699,0.5443506424735961,0.4364180683425606,0.6695131655602582,0.4378566994912399,0.5402530661162402,0.4384562708297742,0.5402938795420446,0.5350337151120299,0.4907224357203527,0.4484236385984443,0.4828148440905517,0.4493968986609031,0.5130080646158849,0.4364187193570298
Q9Y5Q0_MPRHNYSR_5_01Y41Y41M(31M21M)61M(31M)61M,0.9085993644555352,0.4346678046167018,0.5643619178325169,0.5310295449392548,0.8436910095105089,0.7508422327104542,0.9078494458544316,0.4175159158244075,0.594504241491164,0.4613883331578222,0.6098423447326133,0.4799052735247711,0.4633912085971115,0.7992146714556171,0.5764043674887436,0.500731859562428,0.5348387745117351,0.4299403290391053
Q9Y5Q0_MPRHNYSR_5_01Y41Y41M(31M)61M(31M21M)61M,0.9085993644555352,0.4346678046167018,0.5643619178325169,0.5310295449392548,0.8436910095105089,0.7508422327104542,0.9078494458544316,0.4175159158244075,0.594504241491164,0.4613883331578222,0.6098423447326133,0.4799052735247711,0.4633912085971115,0.7992146714556171,0.5764043674887436,0.500731859562428,0.5348387745117351,0.4299403290391053
P55083_FNGSVSFFR_2_01Y41Y41M(31M)61M(31M21M)61M,0.9111129841748326,0.4404691924898045,0.3947852498556329,0.4445305468576236,0.8626590272794696,0.7658414740668431,0.8943414834569585,0.3828123010334662,0.6039979621065927,0.8535095141302311,0.627511763018141,0.4873219749428321,0.4749660128767654,0.7647356367435993,0.5860267715093234,0.5527485945210971,0.5211339913162418,0.4706399133552554
P55083_FNGSVSFFR_2_01Y41Y41M(31M21M)61M(31M)61M,0.9221661663692884,0.449699543475788,0.3696124191760438,0.4498239176140471,0.8531943147959868,0.7696594940376953,0.8975261365804456,0.3579513755076822,0.6091079666937685,0.8396677047406546,0.6354607505527226,0.4959260506333542,0.483909389353344,0.8727204771191731,0.5912117252292409,0.5159631101067129,0.5213496672567565,0.4449372513611467
P14415_FHVNYTQPLVAVK_4_01Y41Y41M(31M)61M(31M21M)61M,0.5193837701200776,0.5756930167597945,0.2704936207868502,0.470837123814582,0.7754082878877052,0.4532696358536736,0.5032479509729855,0.2774827224740953,0.4578715895988354,0.2690502528066154,0.5263787442321198,0.5029718216385506,0.5150636466505807,0.9916725704952524,0.4776112746060335,0.5028477781186528,0.5083960933097561,0.4488579481855093
P14415_FHVNYTQPLVAVK_4_01Y41Y41M(31M21M)61M(31M)61M,0.5191666684673029,0.5757807299038322,0.2716030714050283,0.4709348067197637,0.7764562974388343,0.4533667967054803,0.5031518338335433,0.277371774430706,0.4579689106010857,0.2689414213699951,0.5262828897233783,0.5028757038489751,0.5149676122636258,0.9916679987038178,0.4775803452642578,0.5025915983150016,0.5082859452664865,0.4489549399169306
P14625_HNNDTQHIWESDSNEFSVIADPR_3_01Y41Y41M(31M21M)61M(31M)61M,0.4649446033070756,0.449448955880436,0.3471802567934363,0.5132159798004937,0.7022591261382086,0.4595763983093356,0.6638457429827084,0.3771632605691975,0.4482802347097872,0.3624797441682633,0.4480872302250709,0.4635983699606145,0.4542407236872148,0.904528521299958,0.4732090189513189,0.4471184671184793,0.4996329600985367,0.454343850198832
P14625_HNNDTQHIWESDSNEFSVIADPR_3_01Y41Y41M(31M)61M(31M21M)61M,0.4649446033070756,0.449448955880436,0.3471802567934363,0.5132159798004937,0.7022591261382086,0.4595763983093356,0.6638457429827084,0.3771632605691975,0.4482802347097872,0.3624797441682633,0.4480872302250709,0.4635983699606145,0.4542407236872148,0.904528521299958,0.4732090189513189,0.4471184671184793,0.4996329600985367,0.454343850198832
P11047_LLNNLTSIK_4_01Y41Y41M(31M)61M(31M)61M,0.5103882359707974,0.4515857321573476,0.354691025228124,0.4673677911422725,0.8088918618425072,0.5000250605844766,0.5233838415784272,0.3836377814071306,0.452219517088996,0.3533585895929076,0.4719946896940379,0.4680316316605681,0.4506952736275142,0.9012124069293992,0.4563946459468558,0.4670963478801878,0.4854357202951345,0.4573620612866651
Q9UH99_ALSPNSTISSAPK_5_01Y41Y41M(31M21M)61M(31M21M)61M21M,0.446494411349119,0.454074299344662,0.3249788581000981,0.4940763569612065,0.7301634233251251,0.4931827961248267,0.4725006151592548,0.3551743948380938,0.4885889916410485,0.3171342769546542,0.4951605120632281,0.4695646923713451,0.4693333127484869,0.95159496993057,0.4464784576692636,0.4723240436924734,0.4925443053278784,0.4590448234108338
Q9UH99_ALSPNSTISSAPK_5_01Y41Y41M(31M21M21M)61M(31M21M)61M,0.4441048339412074,0.451677258919,0.3453962034270412,0.492512285931072,0.7210943453051378,0.4907648955881181,0.5030413221022463,0.376867839592088,0.4909738268611516,0.3373050476980763,0.4817368531985933,0.4562078770223929,0.4559774212695587,0.917402945856307,0.4440888971396059,0.4699135893849475,0.4827132536185354,0.4568708785700984
Q13510_TVLENSTSYEEAK_5_01Y41Y41M(31M)61M(31M)61M,0.4952805549343417,0.9979613752125625,0.6105517788165368,0.3820584471882346,0.7316724184994083,0.5671943031670265,0.5483064514171545,0.4202193182660992,0.6153163595074109,0.5112366237484189,0.5923336921524859,0.5406370843985435,0.5696954799260543,0.5748114621664236,0.3947470311810425,0.4081708153529667,0.4495745052593725,0.403859097931907
Q13510_TVLENSTSYEEAK_5_01Y41Y41M(31M21M)61M(31M)61M,0.4106160994881729,0.963866346057818,0.4141851764971176,0.3897823251870651,0.5254509741707806,0.5483565607550216,0.5353484538874018,0.4191629995539686,0.6133302977573362,0.4746623835809659,0.5397686053841307,0.5126238807627467,0.5173917732025645,0.6339959325304737,0.4285722122108641,0.4223728528152369,0.4410930554094858,0.421916804897558
Q13510_TVLENSTSYEEAK_5_01Y41Y41M(31M)61M(31M21M)61M,0.4106160994881729,0.963866346057818,0.4141851764971176,0.3897823251870651,0.5254509741707806,0.5483565607550216,0.5353484538874018,0.4191629995539686,0.6133302977573362,0.4746623835809659,0.5397686053841307,0.5126238807627467,0.5173917732025645,0.6339959325304737,0.4285722122108641,0.4223728528152369,0.4410930554094858,0.421916804897558
P21810_MIENGSLSFLPTLR_4_01Y41Y41M(31M)61M(21Y(31F)41L32S)61Y41L,0.9208811458213556,0.4267452697173572,0.3801257910500158,0.522162136589572,0.5086579967850579,0.679124591529809,0.5149732764924552,0.7628711268781184,0.3949953647613395,0.3871438920113761,0.5350582584985251,0.5408790482421479,0.5369739451172238,0.7116514346279704,0.4396837925662401,0.5413290627125686,0.4583379179981993,0.7653236334572096
P21810_MIENGSLSFLPTLR_4_01Y41Y41M(31M)61M(21Y41L32S)61Y(31F)41L,0.8748271219902982,0.4047402182708879,0.3871907105119935,0.5459024048876076,0.5007665132351727,0.7001037648426671,0.5150276042871782,0.6739803349599826,0.3968869805195097,0.3850901132072865,0.5074794010243854,0.5255160141028548,0.5222337882541932,0.7449929002757277,0.4050828113330656,0.5432921609371778,0.4424356980268959,0.7667411413677855
P23229_ANHSGAVVLLK_2_01Y41Y41M(31M)61M(31M21M)61M,0.4309323968325802,0.4314654895305526,0.668415488793767,0.4356373636183449,0.5702531362502311,0.4399134735811184,0.5182724457043952,0.4495730290363808,0.6118756934593546,0.3868485612175744,0.4912893891288714,0.4388695713240788,0.4592392048580738,0.5130777302178603,0.4569217856825012,0.4355843843122552,0.4881898140254337,0.4617899409708882
P23229_ANHSGAVVLLK_2_01Y41Y41M(31M21M)61M(31M)61M,0.4309323968325802,0.4314654895305526,0.668415488793767,0.4356373636183449,0.5702531362502311,0.4399134735811184,0.5182724457043952,0.4495730290363808,0.6118756934593546,0.3868485612175744,0.4912893891288714,0.4388695713240788,0.4592392048580738,0.5130777302178603,0.4569217856825012,0.4355843843122552,0.4881898140254337,0.4617899409708882
Q9Y4L1_VFGSQNLTTVK_6_01Y41Y41M(31M21M)61M(31M)61M,0.4286855136680185,0.5222302961653709,0.6587379692525701,0.4251471965714773,0.551266905094002,0.4264236636879399,0.4550047583021815,0.4252069678775231,0.5665119438193176,0.4191573668929103,0.482364431286301,0.4461392533817917,0.4623254875656365,0.4014544934325482,0.4299054389034875,0.4572073383193795,0.4781496473244313,0.4331624747032136
Q9Y4L1_VFGSQNLTTVK_6_01Y41Y41M(31M)61M(31M21M)61M,0.4303596766935348,0.5226668628706815,0.66469122289225,0.4268178646696925,0.624632985638743,0.4280956123558753,0.4486604449767646,0.4024543405089917,0.5681890514472554,0.4256460044783713,0.4996136523755087,0.4489524284921811,0.4573398606269104,0.4078615178217341,0.4315807671763854,0.4725395847994962,0.4803295245916117,0.4348408142615042
Q9Y4L1_VFGSQNLTTVK_6_01Y41Y41M(31M21M21M)61M(31M21M)61M,0.6806116713184327,0.5080366172364614,0.7337373827051306,0.5565465050993029,0.5592479419984774,0.4583078399595403,0.4988628638035154,0.4061377562094093,0.5832880938580564,0.4154734818886412,0.4821696854580891,0.4576895405868481,0.478741026805735,0.4470067215301784,0.4248099029593079,0.4284822380304639,0.4592032104295225,0.4351791877342847
Q9Y4L1_VFGSQNLTTVK_6_01Y41Y41M(31M21M)61M(31M21M)61M21M,0.4537564885218466,0.5300414595580717,0.7243609521202008,0.5675617475495425,0.5419421573682291,0.4483887964005685,0.4870312890873827,0.3947412803347941,0.4361480354603977,0.4039932504581713,0.4704545554941183,0.4459654728816381,0.4661146295245272,0.4353040536706148,0.43578002816259,0.4394747389449924,0.4716898310783725,0.4478007204983271
Q07954_WTGHNVTVVQR_5_01Y41Y41M(31M41Y(31F)41L)61M61Y41L,0.5376535126006642,0.486867065564832,0.5825149242340344,0.4858922261880541,0.508751074890023,0.4932640303950708,0.4431040481915385,0.4455822445309847,0.4167561544687758,0.4162765246046996,0.4999749394155233,0.4375654116238656,0.4614167308002135,0.4266294971016331,0.443643005970763,0.5036909713618173,0.4878360746540423,0.4578638962827707
Q9UH99_ALSPNSTISSAPK_5_01Y41Y41M(31M21M)61M(31M)61M,0.4254582011061918,0.4213219170093124,0.4456026631764829,0.4173925778425807,0.4427749090874015,0.6464641760315033,0.5448253582033361,0.4243770045410411,0.4569042839067505,0.4997393348517871,0.5480533465069295,0.4502655133289633,0.4571213957933403,0.4281011676472315,0.4448624876477048,0.5435317256816263,0.4748054697686233,0.4318092011796902
Q9UH99_ALSPNSTISSAPK_5_01Y41Y41M(31M)61M(31M21M)61M,0.4252940277051489,0.421158169710331,0.4454747501805183,0.4172292566101781,0.437020197734304,0.6463106554435677,0.5452645102025793,0.4242505218890069,0.4567376224992295,0.4996098861133239,0.5484919650807406,0.4507039167034086,0.4576140712139391,0.4279744002876386,0.4446966220619496,0.5433650799462432,0.4746687466711515,0.4316444182548702
O94901_TLSPTGNISSAPK_7_01Y41Y41M(31M)61M(31M21M)61M,0.425445737515935,0.4213094857356323,0.4457458331125705,0.4157723938336715,0.4365675202465539,0.6464525227719772,0.5601807272347693,0.4245185768249834,0.4568916316808597,0.4998842151005827,0.5480362227085779,0.4502484010115446,0.4571587927411832,0.4282430580250596,0.4448498957431134,0.5529226440514043,0.4748819957997309,0.4317966913653844
O94901_TLSPTGNISSAPK_7_01Y41Y41M(31M21M)61M(31M)61M,0.4259942377994555,0.4218565687867497,0.4461523606588242,0.41631745944142,0.4556517820757131,0.6469651134290656,0.5587841488611602,0.4249205868637349,0.4574483950876614,0.5002955494883684,0.5466322912957411,0.4488461975652852,0.4556997912986076,0.4286459679873465,0.4454040193319502,0.5534771733140124,0.4753310520089122,0.4323472182193059
Q9UH99_ALSPNSTISSAPK_5_01Y41Y41M(31M)61M(31M)61M,0.4634734461383568,0.4694567362661542,0.3972331168103927,0.423593813297098,0.5172680408857149,0.5878859774737856,0.5033671657686499,0.4182665030782579,0.4239877277111587,0.4131381225817732,0.4727028525823963,0.4507756889872189,0.4590998979044454,0.6912252202431095,0.4504054807225131,0.4836935003654229,0.469722727683054,0.4388895157394573
Q92626_VNNCSDMCFHQK_2_01Y41Y41M(31M)61M(31M)61M,0.5224284324200164,0.4537199292211013,0.3958818778642922,0.4293359759732538,0.5737642025976601,0.4772855907910365,0.4560750174968247,0.3965379750485707,0.4473372045484897,0.3974266331787264,0.5343161426411629,0.4559995147209318,0.4526187881375431,0.7180870371489481,0.4402069777115788,0.4700438381983747,0.4433323560429522,0.4621741905202286
Q92626_VNNCSDMCFHQK_3_01Y41Y41M(31M)61M(31M)61M,0.5224284324200164,0.4537199292211013,0.3958818778642922,0.4293359759732538,0.5737642025976601,0.4772855907910365,0.4560750174968247,0.3965379750485707,0.4473372045484897,0.3974266331787264,0.5343161426411629,0.4559995147209318,0.4526187881375431,0.7180870371489481,0.4402069777115788,0.4700438381983747,0.4433323560429522,0.4621741905202286
Q07954_WTGHNVTVVQR_5_01Y(61F)41Y41M(31M41Y41L)61M61Y41L,0.521554686948777,0.4825117170820732,0.5039792420450019,0.4813461492564538,0.5215165351081307,0.4991997378403153,0.4487882281744605,0.4223983522831235,0.4225388890190464,0.3927827081829953,0.5057261528816341,0.4432350904765263,0.4628151032020717,0.6518528965430734,0.4473862290023949,0.5096259632156743,0.4937701108205315,0.4637634788206567
P11047_NISQDLEK_1_01Y(61F)41Y41M(31M41Y41L)61M61Y41L,0.50722735416737,0.4304677097557403,0.4528118361813211,0.4316499806478979,0.521670732496954,0.4293061448472926,0.4789198136635332,0.4430593268959822,0.4421401613717092,0.4117878593281892,0.4821255558883258,0.4460614291135775,0.4506845711837374,0.5726077818041516,0.4260054074612017,0.5261594468618574,0.5190359243976982,0.4535677115154233
P43308_IAPASNVSHTVVLRPLK_6_01Y41Y41M(31M21M)61M(31M21M)61M,0.4983020327850059,0.5580600611996062,0.4426782565620289,0.4355037413151357,0.5759208065428548,0.429891221271378,0.4585888427340718,0.4169426418022119,0.4335938754887726,0.4178599908156902,0.458669741099583,0.4312566753519661,0.4509137806220722,0.598327557771573,0.4398362063535171,0.432728150588406,0.4744323589030992,0.4426905270345104
Q9BVK6_FTFTSHTPGEHQICLHSNSTK_18_01Y41Y41M(31M41Y31F)61M61Y,0.4775225414647985,0.4835357821377981,0.5468079475055864,0.4633362899407922,0.5499426054378626,0.4350694041319008,0.4688414969114013,0.4468252385981821,0.4813583285288701,0.4294004946794592,0.4482395483770059,0.4362917465035727,0.451517392932025,0.5129205838984979,0.4480136999770743,0.4556086231096172,0.4718998271408799,0.4465452386636324
Q8N766_FINYNQTVSR_5_01Y41Y41M(31M21M21M)61M(31M21M)61M21M,0.5477197418904531,0.4997026325526595,0.4991355024653016,0.4494292239346193,0.5609821968617179,0.4289174956118313,0.4548607419742322,0.4742606461797128,0.4304587069135541,0.4500434075302603,0.4702899139486142,0.439929629371548,0.4554735081453671,0.5183500463755967,0.443498095618246,0.4475349833234824,0.4828521727750411,0.4425283120141056
Q8N766_FINYNQTVSR_5_01Y41Y41M(31M21M21M31G)61M(31M21M)61M,0.5477436540939433,0.4997267646706291,0.4990496392142401,0.4494531093147071,0.5609957775804015,0.428941140168147,0.4548744154837644,0.4750919840269609,0.4304823723872101,0.4499584026006497,0.4703036511296329,0.4399432162675675,0.4554871846842475,0.5182642979512566,0.4435219197101087,0.4472773150769928,0.4828762765567403,0.4425348252503598
O14672_NISQVLEK_1_01Y41Y41M(31M21M)61M(31M)61M,0.4321628311166074,0.485806910338409,0.5492040501946763,0.4458474736298773,0.5857342821391461,0.439731576109265,0.4611922140440946,0.4009398481937289,0.5152683141427439,0.3888478006874581,0.4574055833537681,0.4402989602001561,0.4585014599251855,0.6986815159972226,0.4405585889282791,0.4716991512219798,0.4801120593094477,0.4515760501180579
O14672_NISQVLEK_1_01Y41Y41M(31M)61M(31M21M)61M,0.4321060727713118,0.4857933339164944,0.5492963054675181,0.4478874274241797,0.5867547919577145,0.4396745934049174,0.4612098307070166,0.4009883211908924,0.5152105442326881,0.3875525162171569,0.4574231781691252,0.4403164309776184,0.4581747820747651,0.6987599597385717,0.4405015833148281,0.4716415132260899,0.4800543274332253,0.4515187694914721
P11047_LLNNLTSIK_4_01Y41Y41M(31M21M)61M(31M)61M,0.4616974309394688,0.4500765088330979,0.4741636444299617,0.4310558367915452,0.6523901696210844,0.4438273347328797,0.4533105553638313,0.4128091838970321,0.5425368074651722,0.409282141697296,0.4716585068127786,0.4357071059345619,0.4503818930409704,0.5906365162143039,0.4592263567035328,0.5159299371523999,0.4574431355537109,0.4425816362424002
P11047_LLNNLTSIK_4_01Y41Y41M(31M)61M(31M21M)61M,0.4615874403063897,0.4499574831787619,0.4742676665591982,0.4309378994962561,0.6525284937686378,0.4437086282763343,0.4534617330883942,0.4129103154321222,0.5459202917282434,0.4093830115831507,0.471810522642376,0.4358532902694234,0.4505328989749171,0.5906719836357867,0.4591069314442286,0.5166866829367194,0.4573237818567736,0.4424629979037129
P55083_VDLEDFENNTAYAK_8_01Y41Y41M(31M)61M(21Y41L32S)61Y(31F)41L,0.6121380665106277,0.4815479258996734,0.4260175336888255,0.490340680385062,0.6250601632555416,0.69936782103308,0.6562799913946028,0.4269622338748325,0.4248676934103573,0.411457962346341,0.4684736845556675,0.4782003247502369,0.4604927215698549,0.7678844392404371,0.4706441706268971,0.5670735232202174,0.4807842089401129,0.4811397279396204
P55083_VDLEDFENNTAYAK_8_01Y41Y41M(31M)61M(21Y(31F)41L32S)61Y41L,0.6049086263729831,0.4766439867858371,0.4350015449463667,0.4952748177366745,0.6001512638329195,0.6851448204399654,0.6569635899867067,0.4305691405194194,0.4451929105559855,0.4160698240201004,0.4512016494188562,0.4780469904458949,0.461246051138069,0.7283413464822632,0.5060665722754569,0.5583141926678443,0.475241238378597,0.5043895857836885
P11047_NISQDLEK_1_01Y41Y41M(31M41Y(31F)41L)61M61Y41L,0.7317145308809405,0.4239359903948207,0.4698407874666045,0.4272710680924879,0.5475789875757017,0.5366650634545373,0.5732005419208591,0.4924468226476619,0.4377367926264786,0.4242782932442085,0.5158963891419979,0.5228073759559608,0.4631919325382752,0.5453909493818581,0.4216412759723759,0.5411593164592294,0.5145731323279378,0.4527581991130666
P35555_CDSGFALDSEERNCTDIDECR_13_01Y41Y41M(31M21M)61M(31M)61M,0.7365337512986025,0.4806823727450915,0.4375356085360087,0.4157314012907647,0.6102428959411456,0.5610920174800405,0.4659165597238978,0.5119468323358869,0.5791396606474196,0.4775281539049488,0.5072706653482211,0.4802313374815244,0.5040930543040977,0.6366383786455021,0.5079558034238364,0.4297772998918005,0.4613424531208663,0.4178637462275656
